Date,Country,City,Specie,count,min,max,median,variance
6/13/2020,MN,Ulan Bator,o3,73,1.3,40,16.3,1367.42
12/31/2019,MN,Ulan Bator,o3,42,0.5,8.2,3.3,69.43
1/6/2020,MN,Ulan Bator,o3,64,0.5,9,3.7,54.23
1/16/2020,MN,Ulan Bator,o3,73,0.5,8.2,3.7,57.27
1/25/2020,MN,Ulan Bator,o3,85,0.5,9.8,4.5,66.45
2/15/2020,MN,Ulan Bator,o3,130,0.5,39.6,6.1,792.01
3/23/2020,MN,Ulan Bator,o3,111,1.3,44.5,7.8,1454.7
4/6/2020,MN,Ulan Bator,o3,100,7.4,28.5,17.9,243.03
1/19/2020,MN,Ulan Bator,o3,102,0.5,12.2,4.8,92.72
1/31/2020,MN,Ulan Bator,o3,129,1.3,14.9,7.8,135.02
5/18/2020,MN,Ulan Bator,o3,86,2.9,23.3,8.2,262.99
6/28/2020,MN,Ulan Bator,o3,47,9.9,20.4,15.3,78.14
7/5/2020,MN,Ulan Bator,o3,70,2.1,46.1,12.8,1641.36
1/1/2020,MN,Ulan Bator,o3,29,0.5,7.4,1.7,81.07
4/13/2020,MN,Ulan Bator,o3,107,4.9,26.4,11.4,248.02
5/10/2020,MN,Ulan Bator,o3,89,6.3,22.9,12.2,168.59
7/20/2020,MN,Ulan Bator,o3,119,0.7,38.2,10.1,1024.62
1/22/2020,MN,Ulan Bator,o3,73,0.5,10.6,4.5,73.02
2/27/2020,MN,Ulan Bator,o3,112,5,84.1,11.4,1919.17
4/30/2020,MN,Ulan Bator,o3,111,3.3,33.3,9.8,530.22
5/6/2020,MN,Ulan Bator,o3,88,3.3,24.1,8.6,279.15
5/24/2020,MN,Ulan Bator,o3,89,1.6,24.6,9.7,314.02
7/19/2020,MN,Ulan Bator,o3,117,0.5,36.6,14,1012.87
1/23/2020,MN,Ulan Bator,o3,87,0.5,8.2,3.7,42.62
2/9/2020,MN,Ulan Bator,o3,119,0.5,15.7,4.5,116.27
3/4/2020,MN,Ulan Bator,o3,128,0.5,47,9.8,1361.81
4/14/2020,MN,Ulan Bator,o3,104,7.8,28.5,15.1,325.65
7/2/2020,MN,Ulan Bator,o3,69,5.7,42.3,15.1,933.74
1/26/2020,MN,Ulan Bator,o3,89,0.5,9.6,4.5,73.27
3/5/2020,MN,Ulan Bator,o3,119,1.3,25.8,10.2,411.58
3/27/2020,MN,Ulan Bator,o3,24,9,25.2,15.9,273.48
3/31/2020,MN,Ulan Bator,o3,111,5.3,27.1,11.4,275.52
5/5/2020,MN,Ulan Bator,o3,80,6.1,26.9,13.5,287.17
5/11/2020,MN,Ulan Bator,o3,91,3.7,32,13.9,547.48
5/12/2020,MN,Ulan Bator,o3,91,5.6,23.6,12.2,212.08
7/14/2020,MN,Ulan Bator,o3,92,1.1,40.7,13,1406.01
7/8/2020,MN,Ulan Bator,o3,99,0.5,43.3,17.3,1171.57
1/13/2020,MN,Ulan Bator,o3,60,0.7,8.2,4.5,48.15
1/28/2020,MN,Ulan Bator,o3,91,0.5,11,6.3,88.42
2/14/2020,MN,Ulan Bator,o3,135,3.7,40.9,9.6,801.75
2/24/2020,MN,Ulan Bator,o3,110,6.1,60.4,12.9,2507.09
4/16/2020,MN,Ulan Bator,o3,116,3.6,29.1,9.8,354.04
4/17/2020,MN,Ulan Bator,o3,110,2.9,26.2,11.8,406.8
6/23/2020,MN,Ulan Bator,o3,44,3,29.5,12.6,551.92
2/2/2020,MN,Ulan Bator,o3,137,2.4,15.1,7,87.34
2/11/2020,MN,Ulan Bator,o3,72,0.5,28.7,3.3,287.17
4/29/2020,MN,Ulan Bator,o3,109,6.1,29.7,12.2,456.14
6/11/2020,MN,Ulan Bator,o3,111,5.7,31.9,11.3,575.38
7/9/2020,MN,Ulan Bator,o3,94,1.3,42.5,15.8,1300.83
1/11/2020,MN,Ulan Bator,o3,76,0.9,9,4.1,50.69
3/13/2020,MN,Ulan Bator,o3,141,1.3,21.8,9.4,203.71
3/16/2020,MN,Ulan Bator,o3,109,5.3,30.5,13,274.88
4/9/2020,MN,Ulan Bator,o3,117,4.1,26.2,14.7,347.21
4/23/2020,MN,Ulan Bator,o3,110,1.3,29.3,8.8,390.86
5/14/2020,MN,Ulan Bator,o3,91,3.7,22.4,11.2,239.58
6/22/2020,MN,Ulan Bator,o3,46,0.9,28.7,10,685.22
4/20/2020,MN,Ulan Bator,o3,93,3.7,26,13,273.22
1/5/2020,MN,Ulan Bator,o3,73,0.5,15.9,7.4,118.93
1/9/2020,MN,Ulan Bator,o3,65,0.5,11.4,4.5,93.69
1/10/2020,MN,Ulan Bator,o3,80,0.9,12.8,4.9,122.43
2/10/2020,MN,Ulan Bator,o3,106,0.5,17.5,4.5,182.57
2/20/2020,MN,Ulan Bator,o3,110,5.6,64.6,13.5,2232.39
2/22/2020,MN,Ulan Bator,o3,119,0.9,43.3,5.3,1879.68
3/29/2020,MN,Ulan Bator,o3,75,3.9,25,13.5,293.03
4/26/2020,MN,Ulan Bator,o3,111,2.1,32.3,12.2,502.4
5/7/2020,MN,Ulan Bator,o3,80,8.3,22.8,13,178.34
1/27/2020,MN,Ulan Bator,o3,92,0.5,10,5.3,76.79
2/16/2020,MN,Ulan Bator,o3,131,0.5,30.3,5.3,562.12
3/26/2020,MN,Ulan Bator,o3,24,20.2,28.1,23.2,57.6
4/4/2020,MN,Ulan Bator,o3,112,1.5,25.4,9,436.05
6/25/2020,MN,Ulan Bator,o3,43,2.9,19.7,14.5,328.58
1/2/2020,MN,Ulan Bator,o3,18,0.5,7,6.1,69.18
1/21/2020,MN,Ulan Bator,o3,56,0.5,7.8,1.7,56.05
6/8/2020,MN,Ulan Bator,o3,108,6.5,31.7,11,534.11
6/9/2020,MN,Ulan Bator,o3,111,1.7,35.2,9.8,776.85
6/30/2020,MN,Ulan Bator,o3,78,2.1,20.4,7.4,275.03
6/3/2020,MN,Ulan Bator,o3,130,1.7,23.4,9.2,253.45
12/30/2019,MN,Ulan Bator,o3,58,0.9,8.4,4.1,57.93
2/8/2020,MN,Ulan Bator,o3,112,0.5,15.7,4.7,139.55
3/8/2020,MN,Ulan Bator,o3,111,1.7,28.3,13.5,366.54
3/14/2020,MN,Ulan Bator,o3,131,0.9,20.4,11.5,212.36
3/18/2020,MN,Ulan Bator,o3,106,7.9,29.3,17.5,329.49
5/2/2020,MN,Ulan Bator,o3,93,2.1,16.6,9,147.35
5/30/2020,MN,Ulan Bator,o3,84,4.5,17.9,10.4,114.97
6/6/2020,MN,Ulan Bator,o3,116,8.2,26.9,14.7,292.82
6/26/2020,MN,Ulan Bator,o3,46,3.6,22,12.8,230.21
7/4/2020,MN,Ulan Bator,o3,68,0.5,45.9,12.4,1602.04
1/12/2020,MN,Ulan Bator,o3,52,0.5,7.8,1.8,67.87
1/14/2020,MN,Ulan Bator,o3,49,0.5,8.4,2.5,78.52
3/3/2020,MN,Ulan Bator,o3,36,0.9,31.5,12.2,739.2
4/3/2020,MN,Ulan Bator,o3,109,1.7,24.8,8.3,293.6
5/17/2020,MN,Ulan Bator,o3,72,7,20.8,10.6,181.63
6/2/2020,MN,Ulan Bator,o3,100,2.9,24.4,12.4,282.8
6/5/2020,MN,Ulan Bator,o3,123,1.3,27.7,13.3,469.33
7/10/2020,MN,Ulan Bator,o3,86,1.3,36.6,8.6,1214.07
4/2/2020,MN,Ulan Bator,o3,107,1.7,23.2,7.8,330.69
5/22/2020,MN,Ulan Bator,o3,76,4.1,19.1,8.2,175.23
6/14/2020,MN,Ulan Bator,o3,71,3.7,51.3,13.5,1550.89
7/1/2020,MN,Ulan Bator,o3,58,5.3,21.2,11.4,213.36
1/4/2020,MN,Ulan Bator,o3,40,0.9,8.2,3.3,62.48
1/17/2020,MN,Ulan Bator,o3,60,0.5,9.2,2.1,80.31
2/21/2020,MN,Ulan Bator,o3,116,0.9,28.9,10.6,315.88
3/15/2020,MN,Ulan Bator,o3,111,3.7,24.8,9.4,410.43
3/24/2020,MN,Ulan Bator,o3,109,2.1,36.2,9.4,927.6
4/25/2020,MN,Ulan Bator,o3,117,4,35.2,13.9,667.13
4/27/2020,MN,Ulan Bator,o3,116,4.1,33.8,11.3,583.2
1/30/2020,MN,Ulan Bator,o3,107,0.5,10.3,5.3,56.08
2/29/2020,MN,Ulan Bator,o3,113,2.6,42.9,11,744.1
3/12/2020,MN,Ulan Bator,o3,131,2.1,23.2,11.4,167.15
4/1/2020,MN,Ulan Bator,o3,116,2.6,23,8.5,193.87
6/12/2020,MN,Ulan Bator,o3,106,5.3,33.8,13.6,617.11
7/13/2020,MN,Ulan Bator,o3,90,0.9,47.2,12,1399.99
7/18/2020,MN,Ulan Bator,o3,115,1.7,35.8,12.6,993.79
1/20/2020,MN,Ulan Bator,o3,97,0.9,8.4,3.3,50.39
3/20/2020,MN,Ulan Bator,o3,113,5.3,39.6,12.8,891.02
4/10/2020,MN,Ulan Bator,o3,110,3.3,28.9,9.9,420.61
4/18/2020,MN,Ulan Bator,o3,111,8,29.5,15.5,366.2
5/28/2020,MN,Ulan Bator,o3,73,4.5,19.5,8.2,170.12
6/21/2020,MN,Ulan Bator,o3,47,2.7,20.2,14.7,324.42
1/18/2020,MN,Ulan Bator,o3,78,0.5,10.8,4.1,80.58
3/10/2020,MN,Ulan Bator,o3,135,2.1,24.4,8.2,320.81
3/17/2020,MN,Ulan Bator,o3,110,2.1,20.2,7.8,313.91
3/19/2020,MN,Ulan Bator,o3,110,6,25.8,11,341.4
5/4/2020,MN,Ulan Bator,o3,78,2.9,20.6,10.6,205.1
5/29/2020,MN,Ulan Bator,o3,57,2.5,11,4.2,62.38
1/24/2020,MN,Ulan Bator,o3,86,0.5,8.6,2.4,57.38
3/1/2020,MN,Ulan Bator,o3,103,4.1,38.4,9,805.02
3/25/2020,MN,Ulan Bator,o3,38,9.8,28.1,20.8,364.49
5/1/2020,MN,Ulan Bator,o3,111,2.5,22.2,11.8,197.07
5/16/2020,MN,Ulan Bator,o3,59,9,19.5,13.9,97.53
6/27/2020,MN,Ulan Bator,o3,45,4.9,26,15.1,370.8
2/6/2020,MN,Ulan Bator,o3,100,0.5,11.8,2.9,92.67
5/8/2020,MN,Ulan Bator,o3,88,3.6,21.6,10.2,240.89
5/20/2020,MN,Ulan Bator,o3,86,1.9,16.5,6.5,112
6/7/2020,MN,Ulan Bator,o3,106,6.8,29.9,13.8,439.22
6/10/2020,MN,Ulan Bator,o3,104,3.7,33.3,11.4,547.3
6/16/2020,MN,Ulan Bator,o3,67,8.2,32.5,16.1,556.83
2/17/2020,MN,Ulan Bator,o3,114,0.5,43.3,4.5,1248.42
4/11/2020,MN,Ulan Bator,o3,110,4.5,26.6,14.7,437.68
4/19/2020,MN,Ulan Bator,o3,103,8.2,27.7,16.2,282.73
6/19/2020,MN,Ulan Bator,o3,67,4.9,32.9,13,598.3
6/20/2020,MN,Ulan Bator,o3,48,7,32.9,14.7,648.39
7/3/2020,MN,Ulan Bator,o3,72,3.3,42.7,12.5,1161.9
1/8/2020,MN,Ulan Bator,o3,67,0.5,8.2,4.9,54.55
1/29/2020,MN,Ulan Bator,o3,112,4.4,19,9.8,99.53
3/6/2020,MN,Ulan Bator,o3,127,0.9,18.7,8.7,145.23
3/21/2020,MN,Ulan Bator,o3,118,3.7,59.4,9.8,1824.5
4/8/2020,MN,Ulan Bator,o3,106,4.9,23.4,11.7,261.61
6/1/2020,MN,Ulan Bator,o3,93,4.5,21.2,9.8,262.96
4/21/2020,MN,Ulan Bator,o3,96,4.1,34.2,13.9,408.84
7/11/2020,MN,Ulan Bator,o3,90,1.7,35.4,9.3,1117.96
2/7/2020,MN,Ulan Bator,o3,115,0.5,20.6,3.7,200.07
4/5/2020,MN,Ulan Bator,o3,111,2.9,28.1,12.2,474.47
7/12/2020,MN,Ulan Bator,o3,82,0.5,41.5,12,1264.26
7/21/2020,MN,Ulan Bator,o3,13,3.7,28.7,8.6,927.14
2/28/2020,MN,Ulan Bator,o3,113,4.9,48,11.4,1790.26
4/12/2020,MN,Ulan Bator,o3,112,9.4,28.5,15.2,358.88
5/15/2020,MN,Ulan Bator,o3,88,3.7,17.9,10.2,142.49
5/21/2020,MN,Ulan Bator,o3,82,1.8,17.9,8.2,176.76
5/26/2020,MN,Ulan Bator,o3,66,2.4,13.5,8.4,100.13
5/27/2020,MN,Ulan Bator,o3,69,0.5,19.3,8.2,265.61
5/31/2020,MN,Ulan Bator,o3,87,3.3,19.5,8.3,161.15
2/18/2020,MN,Ulan Bator,o3,115,0.5,29.5,4.1,657.82
2/25/2020,MN,Ulan Bator,o3,98,9.9,101.1,17.5,7656.21
3/30/2020,MN,Ulan Bator,o3,105,4.5,26.9,15.1,332.49
4/22/2020,MN,Ulan Bator,o3,110,2.9,33.3,11.8,443.32
6/18/2020,MN,Ulan Bator,o3,64,3.3,25.8,12.6,440.21
4/28/2020,MN,Ulan Bator,o3,113,2.9,27.3,11.1,481.55
1/15/2020,MN,Ulan Bator,o3,55,0.5,8.6,1.7,70.61
2/13/2020,MN,Ulan Bator,o3,101,2.1,36.4,17.9,549.3
2/23/2020,MN,Ulan Bator,o3,93,0.5,23.6,7.8,456.68
3/9/2020,MN,Ulan Bator,o3,137,1.3,24.6,8.6,227.65
3/11/2020,MN,Ulan Bator,o3,126,0.9,31.1,9,654.24
3/22/2020,MN,Ulan Bator,o3,113,2.1,43.3,9.4,1004.13
3/28/2020,MN,Ulan Bator,o3,22,13.5,22.8,19.7,90.66
6/17/2020,MN,Ulan Bator,o3,68,6.1,30.1,19.1,447.75
6/24/2020,MN,Ulan Bator,o3,46,3.8,30.3,15.2,640.58
7/15/2020,MN,Ulan Bator,o3,93,7.1,49.8,19.5,1463.26
5/25/2020,MN,Ulan Bator,o3,93,2.9,15.8,9.4,111.12
6/4/2020,MN,Ulan Bator,o3,135,1.1,28.5,9,491.93
6/15/2020,MN,Ulan Bator,o3,69,4.5,31.3,16.9,642.32
7/6/2020,MN,Ulan Bator,o3,100,3.7,50.6,15.3,1963.98
7/16/2020,MN,Ulan Bator,o3,101,6.8,45.3,12.4,1015.56
1/3/2020,MN,Ulan Bator,o3,17,0.5,6.5,5.7,71.25
1/7/2020,MN,Ulan Bator,o3,48,0.9,7.4,3.3,41.5
2/3/2020,MN,Ulan Bator,o3,120,1.7,20.2,6.5,250.34
2/4/2020,MN,Ulan Bator,o3,129,2.1,23.6,7.4,213.47
2/12/2020,MN,Ulan Bator,o3,102,0.7,35.8,9.3,1024.4
3/2/2020,MN,Ulan Bator,o3,89,6.5,51.6,15.6,1931.61
5/23/2020,MN,Ulan Bator,o3,83,3.7,24.1,9,241.25
7/17/2020,MN,Ulan Bator,o3,105,6.8,37.4,17.1,788.96
2/5/2020,MN,Ulan Bator,o3,125,0.9,26.6,7.2,403.93
2/26/2020,MN,Ulan Bator,o3,101,10.2,78.3,17.5,4589.91
4/7/2020,MN,Ulan Bator,o3,90,2.9,28.9,17.7,353.05
4/15/2020,MN,Ulan Bator,o3,107,7.8,26.6,15.9,283.72
5/9/2020,MN,Ulan Bator,o3,70,6.5,21.8,11.4,151.45
6/29/2020,MN,Ulan Bator,o3,93,0.9,30.1,10.5,415.9
7/7/2020,MN,Ulan Bator,o3,87,0.5,51.3,14.9,1907.18
2/1/2020,MN,Ulan Bator,o3,126,2.5,20.8,7,173.46
2/19/2020,MN,Ulan Bator,o3,112,0.5,56.5,7.3,2349.76
3/7/2020,MN,Ulan Bator,o3,112,0.5,18.7,7.5,260.71
4/24/2020,MN,Ulan Bator,o3,114,1.3,33.3,14.9,668.12
5/3/2020,MN,Ulan Bator,o3,88,2.5,21.3,8.5,256.71
5/13/2020,MN,Ulan Bator,o3,88,4.5,24.4,9.8,260.79
5/19/2020,MN,Ulan Bator,o3,93,3.3,24.1,7.4,259.01
4/6/2020,MN,Ulan Bator,humidity,264,18,54,26,1258.62
4/8/2020,MN,Ulan Bator,humidity,264,10.5,48.5,23,1155.14
7/2/2020,MN,Ulan Bator,humidity,264,43,87,69.5,1583.39
1/22/2020,MN,Ulan Bator,humidity,216,58,76.5,71.5,371.3
2/8/2020,MN,Ulan Bator,humidity,240,56.5,79.5,74,466.31
6/16/2020,MN,Ulan Bator,humidity,252,12,41.5,24.5,986.62
6/30/2020,MN,Ulan Bator,humidity,264,25,87,55.5,4527.97
5/22/2020,MN,Ulan Bator,humidity,264,48,86,65.5,1735.63
7/13/2020,MN,Ulan Bator,humidity,264,32.5,87,72,3394.09
4/2/2020,MN,Ulan Bator,humidity,264,11,78,44,5957.92
5/14/2020,MN,Ulan Bator,humidity,264,12.5,66.5,24.5,3522.58
7/10/2020,MN,Ulan Bator,humidity,240,76,87,82,111.07
7/19/2020,MN,Ulan Bator,humidity,264,36,87,58,3081.1
4/18/2020,MN,Ulan Bator,humidity,264,15,83,38,5431.51
5/26/2020,MN,Ulan Bator,humidity,264,19,74,30,3892.03
3/14/2020,MN,Ulan Bator,humidity,264,43.5,84,66,1454.19
4/4/2020,MN,Ulan Bator,humidity,264,6.5,78,34,6477.87
6/2/2020,MN,Ulan Bator,humidity,264,19,70,32,2679.83
7/7/2020,MN,Ulan Bator,humidity,264,25,84,38,4492.15
2/25/2020,MN,Ulan Bator,humidity,39,72,78,72,74.82
2/28/2020,MN,Ulan Bator,humidity,264,44,84,75,1279.7
3/20/2020,MN,Ulan Bator,humidity,264,38.5,88.5,76,2590.28
3/31/2020,MN,Ulan Bator,humidity,264,17,78,42.5,4814.96
5/6/2020,MN,Ulan Bator,humidity,264,11,58,32,1838.52
5/24/2020,MN,Ulan Bator,humidity,264,21,80,40,4508.22
6/11/2020,MN,Ulan Bator,humidity,264,25.5,80,34,2588.19
6/21/2020,MN,Ulan Bator,humidity,264,61,84.5,74.5,369.87
3/9/2020,MN,Ulan Bator,humidity,264,52,84,71.5,885.29
3/10/2020,MN,Ulan Bator,humidity,264,45,83,71,1147.11
3/2/2020,MN,Ulan Bator,humidity,264,61,85,68.5,516.73
5/23/2020,MN,Ulan Bator,humidity,264,23,89,40.5,6054.49
6/1/2020,MN,Ulan Bator,humidity,264,21,77.5,37.5,3959.26
6/20/2020,MN,Ulan Bator,humidity,264,24.5,74.5,42,2739.89
6/28/2020,MN,Ulan Bator,humidity,264,30,79,55,1903.98
1/10/2020,MN,Ulan Bator,humidity,240,65,79.5,76,156.07
2/1/2020,MN,Ulan Bator,humidity,240,64.5,76,70,152.77
1/24/2020,MN,Ulan Bator,humidity,240,54.5,76,68,467.76
3/17/2020,MN,Ulan Bator,humidity,264,25,85,59.5,5604.14
5/9/2020,MN,Ulan Bator,humidity,264,30,92,69,4044.21
5/18/2020,MN,Ulan Bator,humidity,264,14,80,36.5,3699.01
6/19/2020,MN,Ulan Bator,humidity,264,14,84.5,40,6167.67
1/12/2020,MN,Ulan Bator,humidity,240,67,76,70,106.45
1/21/2020,MN,Ulan Bator,humidity,216,65,77,72.5,132.89
3/26/2020,MN,Ulan Bator,humidity,264,23,68,48,2735.98
4/27/2020,MN,Ulan Bator,humidity,264,6,57,16.5,3091.35
5/19/2020,MN,Ulan Bator,humidity,264,21,74,33,2942.7
6/4/2020,MN,Ulan Bator,humidity,264,24,86,37.5,4632.53
6/14/2020,MN,Ulan Bator,humidity,264,13,80,23.5,6173.52
1/9/2020,MN,Ulan Bator,humidity,240,70.5,84,76,108.56
2/27/2020,MN,Ulan Bator,humidity,264,66,92,81,613.78
3/8/2020,MN,Ulan Bator,humidity,264,63.5,92,78.5,755.04
3/13/2020,MN,Ulan Bator,humidity,264,51,76,70,730.85
3/24/2020,MN,Ulan Bator,humidity,264,18,79,64,4708.7
4/22/2020,MN,Ulan Bator,humidity,264,10.5,54.5,24,2283.84
5/4/2020,MN,Ulan Bator,humidity,264,10,44,24,938.54
5/7/2020,MN,Ulan Bator,humidity,264,18,55,31.5,1410.55
1/11/2020,MN,Ulan Bator,humidity,240,59,79.5,71.5,304.6
3/5/2020,MN,Ulan Bator,humidity,264,50,77,70,803.53
5/8/2020,MN,Ulan Bator,humidity,264,14,69,32,2650.51
7/3/2020,MN,Ulan Bator,humidity,264,40.5,93,62,2988.29
4/21/2020,MN,Ulan Bator,humidity,264,11.5,57,27,2150.01
5/20/2020,MN,Ulan Bator,humidity,264,33,87,52,2889.05
6/15/2020,MN,Ulan Bator,humidity,264,9.5,58,17.5,2829.78
6/18/2020,MN,Ulan Bator,humidity,262,16,78.5,48,4355.67
1/30/2020,MN,Ulan Bator,humidity,240,61,84,76,413.56
4/7/2020,MN,Ulan Bator,humidity,264,11.5,25,15,126.62
4/3/2020,MN,Ulan Bator,humidity,264,9,75.5,28,6065.82
4/17/2020,MN,Ulan Bator,humidity,264,10,72,14,5225.83
3/15/2020,MN,Ulan Bator,humidity,264,31,85,63,3178.01
3/16/2020,MN,Ulan Bator,humidity,264,30,79,56,2930.88
5/1/2020,MN,Ulan Bator,humidity,264,14.5,53,25,1447.25
6/5/2020,MN,Ulan Bator,humidity,264,13,76,29,4690.89
6/12/2020,MN,Ulan Bator,humidity,264,39.5,81,58,1338.39
4/9/2020,MN,Ulan Bator,humidity,264,14,62,25.5,1969.53
4/24/2020,MN,Ulan Bator,humidity,264,10,39,17,968.67
4/10/2020,MN,Ulan Bator,humidity,264,8.5,69.5,27,4826.55
5/10/2020,MN,Ulan Bator,humidity,264,27,73.5,49,3012.85
5/29/2020,MN,Ulan Bator,humidity,264,74,92.5,80,324.94
6/6/2020,MN,Ulan Bator,humidity,264,11.5,44.5,25.5,979.43
6/25/2020,MN,Ulan Bator,humidity,264,42,93,65,2598.48
7/17/2020,MN,Ulan Bator,humidity,264,36,76,51,2427.7
1/15/2020,MN,Ulan Bator,humidity,216,56.5,76,69,405.83
3/29/2020,MN,Ulan Bator,humidity,253,10,75,43,5073.06
3/11/2020,MN,Ulan Bator,humidity,264,53,85,72,799.63
4/20/2020,MN,Ulan Bator,humidity,264,21,68.5,42,2521.53
6/23/2020,MN,Ulan Bator,humidity,264,32,81,63,2734.87
1/26/2020,MN,Ulan Bator,humidity,240,52,76,71.5,648.38
1/28/2020,MN,Ulan Bator,humidity,240,45,83,70.5,1052.4
3/1/2020,MN,Ulan Bator,humidity,264,67,88,81.6,195.12
3/12/2020,MN,Ulan Bator,humidity,264,52.5,84,71,857.58
4/16/2020,MN,Ulan Bator,humidity,264,21,92,40.5,7021.45
1/29/2020,MN,Ulan Bator,humidity,240,50.5,84,76,990.8
2/26/2020,MN,Ulan Bator,humidity,264,64.5,85,72,226.62
2/3/2020,MN,Ulan Bator,humidity,240,46,74,67,619.14
2/4/2020,MN,Ulan Bator,humidity,240,44.5,70,64,579.08
2/7/2020,MN,Ulan Bator,humidity,240,54.5,80.5,73,535.98
3/25/2020,MN,Ulan Bator,humidity,234,37,79,62.5,1954.15
5/28/2020,MN,Ulan Bator,humidity,264,39,77.5,59,1814.09
6/22/2020,MN,Ulan Bator,humidity,264,38.5,90,53.5,3980.18
1/16/2020,MN,Ulan Bator,humidity,216,50,75,71.5,474.59
1/17/2020,MN,Ulan Bator,humidity,216,55,79,72,344.44
7/9/2020,MN,Ulan Bator,humidity,240,42.5,87,67.5,1726.25
3/19/2020,MN,Ulan Bator,humidity,264,29,81.5,64.5,2814.27
5/17/2020,MN,Ulan Bator,humidity,264,28,57,37.5,910.63
5/21/2020,MN,Ulan Bator,humidity,264,43,89.5,61.5,2282.77
7/1/2020,MN,Ulan Bator,humidity,264,43,87,59,1056.67
7/21/2020,MN,Ulan Bator,humidity,37,66,84,71,388.59
2/6/2020,MN,Ulan Bator,humidity,240,58,77,72,500.8
2/29/2020,MN,Ulan Bator,humidity,264,58.5,84,72,517.27
3/3/2020,MN,Ulan Bator,humidity,55,75,83,76,93.7
5/13/2020,MN,Ulan Bator,humidity,264,16,59,28,2147.44
5/15/2020,MN,Ulan Bator,humidity,264,21,83,59,3338.23
6/26/2020,MN,Ulan Bator,humidity,264,28,93,59,5709.64
7/14/2020,MN,Ulan Bator,humidity,264,39,87,66,2164.55
1/8/2020,MN,Ulan Bator,humidity,240,60,77,75,222.94
1/23/2020,MN,Ulan Bator,humidity,223,53,76,69,504.34
6/10/2020,MN,Ulan Bator,humidity,264,15.5,80,34.5,4989.51
6/27/2020,MN,Ulan Bator,humidity,264,22,81,44.5,4726.93
1/18/2020,MN,Ulan Bator,humidity,216,60,83,71.5,318.76
1/25/2020,MN,Ulan Bator,humidity,240,47,76,68.5,829.81
2/9/2020,MN,Ulan Bator,humidity,140,59,84,76,443.38
3/28/2020,MN,Ulan Bator,humidity,264,9.5,78,37.5,6139.44
4/14/2020,MN,Ulan Bator,humidity,264,24,76.5,43,2346.39
7/12/2020,MN,Ulan Bator,humidity,248,42,93,68,3471.16
7/15/2020,MN,Ulan Bator,humidity,264,28,77,51.5,2532.28
1/7/2020,MN,Ulan Bator,humidity,240,68,84,75,125.1
1/19/2020,MN,Ulan Bator,humidity,216,49,83,75.5,601.95
6/24/2020,MN,Ulan Bator,humidity,264,56,90,79,835.97
7/6/2020,MN,Ulan Bator,humidity,264,34,87,60.5,3291.11
3/30/2020,MN,Ulan Bator,humidity,264,20,68,38.5,2389.68
4/19/2020,MN,Ulan Bator,humidity,264,23,74.5,50.5,2884.95
7/5/2020,MN,Ulan Bator,humidity,264,35.5,87,55,2946.3
3/7/2020,MN,Ulan Bator,humidity,264,54,88.5,77,1115.96
5/3/2020,MN,Ulan Bator,humidity,264,10.5,86,30,9621.61
4/11/2020,MN,Ulan Bator,humidity,264,9,45.5,14,1599.32
6/8/2020,MN,Ulan Bator,humidity,264,28,84,54.5,2648.84
6/29/2020,MN,Ulan Bator,humidity,264,32,90,56,4098.09
1/13/2020,MN,Ulan Bator,humidity,216,56.5,76,68,250.95
2/2/2020,MN,Ulan Bator,humidity,240,49,74,67,409.58
7/16/2020,MN,Ulan Bator,humidity,264,69.5,81,71.5,93.88
7/18/2020,MN,Ulan Bator,humidity,264,34,86,56,3496.36
4/13/2020,MN,Ulan Bator,humidity,264,14,51,25,1216.97
7/11/2020,MN,Ulan Bator,humidity,240,52.5,87,69.5,1856.69
3/23/2020,MN,Ulan Bator,humidity,264,10,85,51,7710.31
6/9/2020,MN,Ulan Bator,humidity,264,22,92,39,5887.19
1/27/2020,MN,Ulan Bator,humidity,240,46,76,70,803.31
3/4/2020,MN,Ulan Bator,humidity,26,60.5,71,63,252.79
4/26/2020,MN,Ulan Bator,humidity,264,17,43.5,26,925.69
5/31/2020,MN,Ulan Bator,humidity,264,22.5,92,45,6673.59
3/21/2020,MN,Ulan Bator,humidity,264,24.5,88.5,65.5,5955.95
3/22/2020,MN,Ulan Bator,humidity,264,18,85,57,6271.88
3/27/2020,MN,Ulan Bator,humidity,264,19.5,77,53,4178.32
4/5/2020,MN,Ulan Bator,humidity,264,7.5,72,29.5,3995.65
5/25/2020,MN,Ulan Bator,humidity,264,24.5,80,44,3886.49
1/31/2020,MN,Ulan Bator,humidity,240,66,84,76,287.85
3/18/2020,MN,Ulan Bator,humidity,264,33.5,80,57,1984.07
4/23/2020,MN,Ulan Bator,humidity,264,6,42.5,22,1419.23
4/30/2020,MN,Ulan Bator,humidity,264,10,69,21.5,4229.34
5/5/2020,MN,Ulan Bator,humidity,264,7,40,16,918.88
5/12/2020,MN,Ulan Bator,humidity,264,16,46.5,20.5,964.03
5/27/2020,MN,Ulan Bator,humidity,264,12,75,26,4885.97
6/3/2020,MN,Ulan Bator,humidity,264,17.5,74,39.5,3790.92
1/3/2020,MN,Ulan Bator,humidity,100,60,79.5,75,591.94
2/5/2020,MN,Ulan Bator,humidity,240,49,76,69.5,782.57
4/12/2020,MN,Ulan Bator,humidity,264,6.5,22,11,154.85
4/25/2020,MN,Ulan Bator,humidity,264,13,53,24,1598.97
5/30/2020,MN,Ulan Bator,humidity,264,27,80,56,3888.54
7/20/2020,MN,Ulan Bator,humidity,264,25,83,50,5077.92
1/6/2020,MN,Ulan Bator,humidity,240,68.5,83,76,136.12
3/6/2020,MN,Ulan Bator,humidity,264,54,84,74.5,975.78
4/15/2020,MN,Ulan Bator,humidity,264,53,82.5,71.5,408.42
5/11/2020,MN,Ulan Bator,humidity,264,13,51,28,1215.79
6/7/2020,MN,Ulan Bator,humidity,264,14,60,27,2758.88
6/13/2020,MN,Ulan Bator,humidity,264,28,81,37,3115.86
6/17/2020,MN,Ulan Bator,humidity,240,22,61,46,1703.49
7/4/2020,MN,Ulan Bator,humidity,264,37.5,87,61,2744.55
1/4/2020,MN,Ulan Bator,humidity,240,53.5,77,74,394.98
4/1/2020,MN,Ulan Bator,humidity,264,14,66,40.5,3726.96
7/8/2020,MN,Ulan Bator,humidity,255,22.5,74.5,48,2540.64
1/20/2020,MN,Ulan Bator,humidity,216,59,79.5,71,228.7
4/28/2020,MN,Ulan Bator,humidity,264,14,40,25.5,483.76
4/29/2020,MN,Ulan Bator,humidity,264,13,60,33,2411.7
5/2/2020,MN,Ulan Bator,humidity,264,47,80,72.5,941.03
5/16/2020,MN,Ulan Bator,humidity,264,35,74,51,1483.47
1/5/2020,MN,Ulan Bator,humidity,240,61,79.5,71,303.97
1/14/2020,MN,Ulan Bator,humidity,216,61.5,75.5,68.5,143.68
5/14/2020,MN,Ulan Bator,wind-speed,264,0.5,5.6,4.1,33.03
5/24/2020,MN,Ulan Bator,wind-speed,253,0.5,8.7,2,74.48
7/14/2020,MN,Ulan Bator,wind-speed,231,0.2,11.3,2,62.45
4/16/2020,MN,Ulan Bator,wind-speed,253,0.2,5.6,1.5,20.11
6/9/2020,MN,Ulan Bator,wind-speed,264,0.2,9.2,1,77.34
4/20/2020,MN,Ulan Bator,wind-speed,253,0.5,10.2,6.6,144.37
4/9/2020,MN,Ulan Bator,wind-speed,264,0.5,6.1,2.5,23.69
4/15/2020,MN,Ulan Bator,wind-speed,253,1.5,9.2,4.6,55.41
6/3/2020,MN,Ulan Bator,wind-speed,242,0.2,8.2,1.5,30.34
6/5/2020,MN,Ulan Bator,wind-speed,264,0.5,5.6,2.5,18.18
6/8/2020,MN,Ulan Bator,wind-speed,264,0.7,8.2,4.6,43.52
4/10/2020,MN,Ulan Bator,wind-speed,231,0.2,5.1,1.5,27.12
5/12/2020,MN,Ulan Bator,wind-speed,253,0.2,5.6,1.5,20.65
5/10/2020,MN,Ulan Bator,wind-speed,264,0.5,7.7,2.5,70.51
5/17/2020,MN,Ulan Bator,wind-speed,253,0.5,8.2,5.6,56.44
5/25/2020,MN,Ulan Bator,wind-speed,253,0.2,8.7,2.5,96
5/27/2020,MN,Ulan Bator,wind-speed,253,0.2,6.1,3.6,48.94
6/1/2020,MN,Ulan Bator,wind-speed,231,0.2,7.7,2.5,63.37
7/11/2020,MN,Ulan Bator,wind-speed,240,0.5,3.6,1.5,8.41
4/1/2020,MN,Ulan Bator,wind-speed,209,0.2,5.6,2,30.71
4/7/2020,MN,Ulan Bator,wind-speed,264,1,11.8,3.6,87.63
6/16/2020,MN,Ulan Bator,wind-speed,208,0.5,8.7,3,63.58
7/7/2020,MN,Ulan Bator,wind-speed,253,0.2,7.7,4.1,71.1
7/9/2020,MN,Ulan Bator,wind-speed,240,0.5,7.7,3.6,42.16
6/10/2020,MN,Ulan Bator,wind-speed,242,0.2,6.6,3.6,42.21
7/16/2020,MN,Ulan Bator,wind-speed,264,0.5,9.2,6.6,70.58
5/16/2020,MN,Ulan Bator,wind-speed,264,3,10.8,8.7,29.11
5/31/2020,MN,Ulan Bator,wind-speed,231,0.2,4.6,1.2,11.76
6/18/2020,MN,Ulan Bator,wind-speed,240,0.2,6.1,2.5,30.19
6/28/2020,MN,Ulan Bator,wind-speed,264,0.5,7.2,1.5,26.61
5/2/2020,MN,Ulan Bator,wind-speed,264,0.5,8.7,5.6,42.21
5/3/2020,MN,Ulan Bator,wind-speed,242,0.2,6.6,2.5,44.84
5/15/2020,MN,Ulan Bator,wind-speed,264,1.5,12.3,8.7,98.93
6/27/2020,MN,Ulan Bator,wind-speed,242,0.2,5.6,2,25.27
4/14/2020,MN,Ulan Bator,wind-speed,264,1.5,10.2,5.1,71.01
4/19/2020,MN,Ulan Bator,wind-speed,264,3.6,13.3,7.7,86.94
4/28/2020,MN,Ulan Bator,wind-speed,242,0.2,6.1,2,36.91
6/14/2020,MN,Ulan Bator,wind-speed,220,0.5,4.6,1.5,14.81
7/8/2020,MN,Ulan Bator,wind-speed,255,0.5,5.6,2.5,20.28
5/21/2020,MN,Ulan Bator,wind-speed,264,0.5,7.2,4.1,44.5
7/5/2020,MN,Ulan Bator,wind-speed,220,0.5,5.1,2,25.01
5/8/2020,MN,Ulan Bator,wind-speed,187,0.2,7.7,5.6,61.46
5/29/2020,MN,Ulan Bator,wind-speed,264,1.5,7.7,5.6,24.85
6/15/2020,MN,Ulan Bator,wind-speed,253,0.2,6.1,1.5,34.68
7/4/2020,MN,Ulan Bator,wind-speed,264,0.2,6.6,1,21.37
7/20/2020,MN,Ulan Bator,wind-speed,264,0.5,2,1,2.21
4/22/2020,MN,Ulan Bator,wind-speed,253,0.2,7.2,2.5,60.46
4/23/2020,MN,Ulan Bator,wind-speed,242,0.2,7.7,1.5,64.12
5/11/2020,MN,Ulan Bator,wind-speed,264,0.2,14.9,6.1,357.49
5/13/2020,MN,Ulan Bator,wind-speed,242,0.2,7.7,1.5,73.63
5/23/2020,MN,Ulan Bator,wind-speed,264,0.2,8.2,1.5,80.06
6/22/2020,MN,Ulan Bator,wind-speed,231,0.5,5.6,3.6,21.86
4/8/2020,MN,Ulan Bator,wind-speed,253,0.2,7.2,1.5,27.13
4/12/2020,MN,Ulan Bator,wind-speed,264,1.5,10.2,6.1,64.95
4/27/2020,MN,Ulan Bator,wind-speed,242,0.2,7.7,1.5,65.46
6/20/2020,MN,Ulan Bator,wind-speed,264,1,7.7,3.6,37.61
4/4/2020,MN,Ulan Bator,wind-speed,198,0.2,6.1,2,38.72
5/1/2020,MN,Ulan Bator,wind-speed,264,0.5,8.7,2.5,38.65
6/4/2020,MN,Ulan Bator,wind-speed,231,0.2,4.1,1.5,15.41
5/22/2020,MN,Ulan Bator,wind-speed,264,1.5,9.7,4.6,71.98
7/3/2020,MN,Ulan Bator,wind-speed,242,0.2,4.6,1.5,12.32
7/21/2020,MN,Ulan Bator,wind-speed,26,0.5,1.5,1.5,1.35
4/18/2020,MN,Ulan Bator,wind-speed,264,0.5,11.3,6.1,62.62
5/9/2020,MN,Ulan Bator,wind-speed,264,3.6,11.3,6.1,55.42
5/30/2020,MN,Ulan Bator,wind-speed,264,1,7.7,3.6,18.75
6/7/2020,MN,Ulan Bator,wind-speed,264,1.5,8.7,3.6,40.65
7/18/2020,MN,Ulan Bator,wind-speed,264,0.2,6.1,1.5,48.08
4/26/2020,MN,Ulan Bator,wind-speed,242,0.2,8.2,1.5,85.51
5/7/2020,MN,Ulan Bator,wind-speed,264,3,8.2,5.6,21.41
5/20/2020,MN,Ulan Bator,wind-speed,242,0.5,7.7,2.5,46.23
4/2/2020,MN,Ulan Bator,wind-speed,231,0.2,6.1,0.5,39.57
4/30/2020,MN,Ulan Bator,wind-speed,253,0.2,7.7,2.5,70.14
5/5/2020,MN,Ulan Bator,wind-speed,264,0.2,12.3,4.1,151.85
6/13/2020,MN,Ulan Bator,wind-speed,253,1.5,10.2,4.6,61.8
6/19/2020,MN,Ulan Bator,wind-speed,264,0.2,10.2,1,72.44
3/31/2020,MN,Ulan Bator,wind-speed,253,0.2,5.6,2,32.04
4/5/2020,MN,Ulan Bator,wind-speed,242,0.2,6.6,0.5,24.64
5/6/2020,MN,Ulan Bator,wind-speed,264,1,10.8,6.6,108.47
6/6/2020,MN,Ulan Bator,wind-speed,264,0.2,5.6,2.5,40.72
6/23/2020,MN,Ulan Bator,wind-speed,264,0.5,9.7,2.5,64.2
7/15/2020,MN,Ulan Bator,wind-speed,264,0.5,6.1,2.5,19.89
7/19/2020,MN,Ulan Bator,wind-speed,253,0.2,6.6,3.6,40.23
4/24/2020,MN,Ulan Bator,wind-speed,264,0.5,14.4,3.6,269.67
4/25/2020,MN,Ulan Bator,wind-speed,253,0.5,9.2,2,114.34
6/2/2020,MN,Ulan Bator,wind-speed,264,0.2,11.3,7.2,120.04
7/12/2020,MN,Ulan Bator,wind-speed,218,0.2,4.1,1.5,15.56
7/13/2020,MN,Ulan Bator,wind-speed,253,0.5,3,1,3.62
7/17/2020,MN,Ulan Bator,wind-speed,253,1,7.7,5.6,25.06
4/11/2020,MN,Ulan Bator,wind-speed,242,0.2,7.7,4.6,80.73
5/19/2020,MN,Ulan Bator,wind-speed,253,0.2,6.1,2.5,50.13
5/26/2020,MN,Ulan Bator,wind-speed,242,0.5,8.2,2.5,86.73
7/1/2020,MN,Ulan Bator,wind-speed,264,0.2,4.6,2.5,12.52
3/30/2020,MN,Ulan Bator,wind-speed,264,0.5,8.7,4.6,54.99
4/17/2020,MN,Ulan Bator,wind-speed,209,0.5,9.7,3.6,68.77
6/11/2020,MN,Ulan Bator,wind-speed,264,0.2,6.1,2.5,26.72
7/2/2020,MN,Ulan Bator,wind-speed,264,0.2,5.6,1,25.23
1/4/2020,MN,Ulan Bator,wind-speed,180,0.2,1.5,0.5,1.14
1/5/2020,MN,Ulan Bator,wind-speed,210,0.2,4.1,1,13.82
5/18/2020,MN,Ulan Bator,wind-speed,253,0.2,7.2,2.5,50.57
5/28/2020,MN,Ulan Bator,wind-speed,264,3,10.2,5.6,31.26
6/12/2020,MN,Ulan Bator,wind-speed,264,0.5,8.7,4.6,53.07
6/26/2020,MN,Ulan Bator,wind-speed,231,0.2,2.5,0.7,6
4/21/2020,MN,Ulan Bator,wind-speed,264,0.5,10.8,2.5,157.54
6/17/2020,MN,Ulan Bator,wind-speed,230,0.5,8.2,4.6,66.16
7/6/2020,MN,Ulan Bator,wind-speed,264,0.2,5.6,1.5,13.77
7/10/2020,MN,Ulan Bator,wind-speed,240,1,7.2,4.1,20.42
4/6/2020,MN,Ulan Bator,wind-speed,264,0.5,12.8,5.1,176.85
5/4/2020,MN,Ulan Bator,wind-speed,253,0.2,6.6,2.5,36.18
6/21/2020,MN,Ulan Bator,wind-speed,264,0.2,6.6,3,26.11
6/24/2020,MN,Ulan Bator,wind-speed,264,0.2,6.6,1.5,32.01
6/30/2020,MN,Ulan Bator,wind-speed,242,0.2,8.7,2,58.75
1/3/2020,MN,Ulan Bator,wind-speed,80,0.2,1.5,0.5,1.47
4/3/2020,MN,Ulan Bator,wind-speed,242,0.2,3.6,1,10.65
4/13/2020,MN,Ulan Bator,wind-speed,242,0.2,6.1,2.5,28.93
4/29/2020,MN,Ulan Bator,wind-speed,231,0.5,8.7,1.5,65.6
6/25/2020,MN,Ulan Bator,wind-speed,253,0.2,7.2,1.5,29.78
6/29/2020,MN,Ulan Bator,wind-speed,264,0.2,7.7,3.6,58.7
4/1/2020,MN,Ulan Bator,co,40,0.1,0.3,0.1,0.06
5/14/2020,MN,Ulan Bator,co,19,0.1,0.1,0.1,0
12/31/2019,MN,Ulan Bator,co,86,0.1,0.6,0.2,0.27
1/5/2020,MN,Ulan Bator,co,77,0.1,0.6,0.2,0.19
1/7/2020,MN,Ulan Bator,co,76,0.1,0.5,0.3,0.2
1/13/2020,MN,Ulan Bator,co,80,0.1,0.6,0.3,0.19
3/21/2020,MN,Ulan Bator,co,85,0.1,0.3,0.2,0.03
3/23/2020,MN,Ulan Bator,co,83,0.1,0.3,0.1,0.04
6/2/2020,MN,Ulan Bator,co,21,0.1,0.2,0.1,0.02
6/7/2020,MN,Ulan Bator,co,14,0.1,0.1,0.1,0
6/10/2020,MN,Ulan Bator,co,19,0.1,0.1,0.1,0
5/20/2020,MN,Ulan Bator,co,22,0.1,0.2,0.1,0.02
6/25/2020,MN,Ulan Bator,co,26,0.1,0.2,0.1,0.02
3/2/2020,MN,Ulan Bator,co,37,0.1,0.1,0.1,0
3/11/2020,MN,Ulan Bator,co,88,0.1,0.4,0.2,0.11
4/12/2020,MN,Ulan Bator,co,21,0.1,0.2,0.1,0.02
4/13/2020,MN,Ulan Bator,co,32,0.1,0.2,0.1,0.02
4/29/2020,MN,Ulan Bator,co,22,0.1,0.2,0.1,0.02
5/16/2020,MN,Ulan Bator,co,12,0.1,0.1,0.1,0
1/1/2020,MN,Ulan Bator,co,85,0.1,0.6,0.3,0.24
1/19/2020,MN,Ulan Bator,co,92,0.1,0.6,0.3,0.1
5/8/2020,MN,Ulan Bator,co,22,0.1,0.1,0.1,0
5/9/2020,MN,Ulan Bator,co,15,0.1,0.1,0.1,0
6/17/2020,MN,Ulan Bator,co,40,0.1,0.2,0.2,0.02
7/5/2020,MN,Ulan Bator,co,32,0.1,0.2,0.1,0.03
1/22/2020,MN,Ulan Bator,co,88,0.2,0.6,0.3,0.11
1/23/2020,MN,Ulan Bator,co,93,0.1,0.6,0.3,0.15
2/2/2020,MN,Ulan Bator,co,90,0.1,0.5,0.2,0.09
2/9/2020,MN,Ulan Bator,co,93,0.1,0.5,0.3,0.1
5/21/2020,MN,Ulan Bator,co,10,0.1,0.2,0.1,0.02
5/23/2020,MN,Ulan Bator,co,18,0.1,0.2,0.1,0.01
2/25/2020,MN,Ulan Bator,co,36,0.1,0.1,0.1,0
4/2/2020,MN,Ulan Bator,co,39,0.1,0.2,0.1,0.02
4/3/2020,MN,Ulan Bator,co,43,0.1,0.2,0.1,0.02
1/25/2020,MN,Ulan Bator,co,86,0.1,0.5,0.3,0.18
2/28/2020,MN,Ulan Bator,co,81,0.1,0.3,0.2,0.03
3/9/2020,MN,Ulan Bator,co,86,0.1,0.3,0.2,0.05
5/26/2020,MN,Ulan Bator,co,18,0.1,0.2,0.1,0.01
6/16/2020,MN,Ulan Bator,co,26,0.1,0.2,0.1,0.01
2/23/2020,MN,Ulan Bator,co,84,0.1,0.5,0.2,0.18
2/24/2020,MN,Ulan Bator,co,53,0.1,0.2,0.1,0.01
3/31/2020,MN,Ulan Bator,co,35,0.1,0.2,0.1,0.02
4/9/2020,MN,Ulan Bator,co,32,0.1,0.2,0.1,0.01
4/17/2020,MN,Ulan Bator,co,28,0.1,0.2,0.1,0.02
6/30/2020,MN,Ulan Bator,co,57,0.1,0.2,0.1,0.02
1/11/2020,MN,Ulan Bator,co,90,0.1,0.4,0.2,0.1
6/19/2020,MN,Ulan Bator,co,32,0.1,0.2,0.1,0.02
2/7/2020,MN,Ulan Bator,co,87,0.1,0.5,0.3,0.11
2/17/2020,MN,Ulan Bator,co,87,0.1,0.6,0.3,0.26
3/19/2020,MN,Ulan Bator,co,70,0.1,0.2,0.1,0.02
5/2/2020,MN,Ulan Bator,co,22,0.1,0.1,0.1,0
5/3/2020,MN,Ulan Bator,co,24,0.1,0.1,0.1,0
5/5/2020,MN,Ulan Bator,co,21,0.1,0.2,0.1,0.02
1/6/2020,MN,Ulan Bator,co,86,0.2,0.5,0.3,0.1
1/31/2020,MN,Ulan Bator,co,85,0.1,0.5,0.2,0.18
2/5/2020,MN,Ulan Bator,co,77,0.1,0.4,0.2,0.11
3/5/2020,MN,Ulan Bator,co,70,0.1,0.4,0.2,0.1
5/6/2020,MN,Ulan Bator,co,18,0.1,0.2,0.2,0.03
6/26/2020,MN,Ulan Bator,co,30,0.1,0.1,0.1,0
5/29/2020,MN,Ulan Bator,co,15,0.1,0.2,0.1,0.02
6/23/2020,MN,Ulan Bator,co,32,0.1,0.2,0.1,0.01
2/11/2020,MN,Ulan Bator,co,90,0.1,0.6,0.3,0.23
2/21/2020,MN,Ulan Bator,co,75,0.1,0.2,0.2,0.03
4/15/2020,MN,Ulan Bator,co,17,0.1,0.2,0.1,0.02
4/23/2020,MN,Ulan Bator,co,40,0.1,0.3,0.1,0.05
4/30/2020,MN,Ulan Bator,co,15,0.1,0.1,0.1,0
5/28/2020,MN,Ulan Bator,co,7,0.1,0.2,0.1,0.02
7/18/2020,MN,Ulan Bator,co,35,0.1,0.2,0.1,0.02
1/15/2020,MN,Ulan Bator,co,76,0.1,0.5,0.3,0.15
5/10/2020,MN,Ulan Bator,co,6,0.1,0.1,0.1,0
6/3/2020,MN,Ulan Bator,co,26,0.1,0.2,0.1,0.02
6/24/2020,MN,Ulan Bator,co,23,0.1,0.2,0.1,0.02
3/12/2020,MN,Ulan Bator,co,86,0.1,0.3,0.2,0.05
3/29/2020,MN,Ulan Bator,co,45,0.1,0.2,0.1,0
3/30/2020,MN,Ulan Bator,co,57,0.1,0.2,0.1,0.02
6/22/2020,MN,Ulan Bator,co,42,0.1,0.2,0.1,0.03
7/16/2020,MN,Ulan Bator,co,28,0.1,0.2,0.1,0.03
7/20/2020,MN,Ulan Bator,co,64,0.1,0.2,0.2,0.03
7/3/2020,MN,Ulan Bator,co,22,0.1,0.2,0.2,0.02
7/6/2020,MN,Ulan Bator,co,40,0.1,0.2,0.2,0.01
1/12/2020,MN,Ulan Bator,co,81,0.2,0.6,0.3,0.2
2/4/2020,MN,Ulan Bator,co,85,0.1,0.4,0.3,0.1
3/6/2020,MN,Ulan Bator,co,79,0.1,0.3,0.2,0.03
3/22/2020,MN,Ulan Bator,co,87,0.1,0.3,0.2,0.03
5/4/2020,MN,Ulan Bator,co,31,0.1,0.2,0.1,0.01
5/12/2020,MN,Ulan Bator,co,27,0.1,0.2,0.1,0.01
7/21/2020,MN,Ulan Bator,co,9,0.1,0.2,0.2,0.03
12/30/2019,MN,Ulan Bator,co,87,0.1,0.4,0.2,0.07
3/18/2020,MN,Ulan Bator,co,46,0.1,0.2,0.1,0.01
3/24/2020,MN,Ulan Bator,co,63,0.1,0.2,0.1,0.02
6/1/2020,MN,Ulan Bator,co,15,0.1,0.2,0.1,0.02
7/11/2020,MN,Ulan Bator,co,22,0.1,0.2,0.1,0.02
7/13/2020,MN,Ulan Bator,co,28,0.1,0.2,0.1,0.02
2/13/2020,MN,Ulan Bator,co,35,0.1,0.1,0.1,0
4/14/2020,MN,Ulan Bator,co,16,0.1,0.2,0.1,0.02
4/24/2020,MN,Ulan Bator,co,38,0.1,0.3,0.2,0.07
6/12/2020,MN,Ulan Bator,co,34,0.1,0.2,0.1,0.02
7/8/2020,MN,Ulan Bator,co,55,0.1,0.2,0.1,0.02
1/16/2020,MN,Ulan Bator,co,85,0.1,0.6,0.3,0.28
1/27/2020,MN,Ulan Bator,co,80,0.1,0.6,0.3,0.21
2/19/2020,MN,Ulan Bator,co,80,0.1,0.4,0.2,0.1
4/11/2020,MN,Ulan Bator,co,25,0.1,0.2,0.1,0.03
6/11/2020,MN,Ulan Bator,co,15,0.1,0.2,0.1,0.02
6/28/2020,MN,Ulan Bator,co,26,0.1,0.2,0.1,0.01
4/18/2020,MN,Ulan Bator,co,15,0.1,0.1,0.1,0
5/17/2020,MN,Ulan Bator,co,9,0.1,0.1,0.1,0
1/18/2020,MN,Ulan Bator,co,84,0.2,0.6,0.3,0.1
2/12/2020,MN,Ulan Bator,co,60,0.1,0.6,0.3,0.27
2/15/2020,MN,Ulan Bator,co,76,0.1,0.5,0.2,0.18
3/3/2020,MN,Ulan Bator,co,27,0.1,0.2,0.1,0.02
3/13/2020,MN,Ulan Bator,co,91,0.1,0.3,0.2,0.04
4/6/2020,MN,Ulan Bator,co,21,0.1,0.1,0.1,0
6/27/2020,MN,Ulan Bator,co,31,0.1,0.1,0.1,0
1/3/2020,MN,Ulan Bator,co,92,0.2,0.6,0.4,0.16
1/29/2020,MN,Ulan Bator,co,66,0.1,0.3,0.1,0.04
2/20/2020,MN,Ulan Bator,co,65,0.1,0.2,0.1,0.01
5/7/2020,MN,Ulan Bator,co,14,0.1,0.1,0.1,0
7/19/2020,MN,Ulan Bator,co,30,0.1,0.4,0.1,0.08
1/2/2020,MN,Ulan Bator,co,88,0.2,0.6,0.3,0.21
1/21/2020,MN,Ulan Bator,co,89,0.2,0.5,0.4,0.07
3/7/2020,MN,Ulan Bator,co,69,0.1,0.4,0.2,0.07
5/15/2020,MN,Ulan Bator,co,10,0.1,0.1,0.1,0
5/19/2020,MN,Ulan Bator,co,23,0.1,0.1,0.1,0
7/15/2020,MN,Ulan Bator,co,34,0.1,0.2,0.2,0.03
1/8/2020,MN,Ulan Bator,co,79,0.1,0.5,0.3,0.17
4/28/2020,MN,Ulan Bator,co,23,0.1,0.2,0.1,0.01
6/21/2020,MN,Ulan Bator,co,23,0.1,0.2,0.1,0.02
7/7/2020,MN,Ulan Bator,co,31,0.1,0.2,0.2,0.01
1/17/2020,MN,Ulan Bator,co,81,0.1,0.5,0.3,0.11
1/30/2020,MN,Ulan Bator,co,74,0.1,0.5,0.2,0.14
2/6/2020,MN,Ulan Bator,co,88,0.1,0.5,0.3,0.14
4/5/2020,MN,Ulan Bator,co,30,0.1,0.2,0.1,0.02
5/1/2020,MN,Ulan Bator,co,19,0.1,0.1,0.1,0
5/31/2020,MN,Ulan Bator,co,21,0.1,0.2,0.1,0.01
7/2/2020,MN,Ulan Bator,co,28,0.1,0.2,0.2,0.02
7/14/2020,MN,Ulan Bator,co,32,0.1,0.2,0.1,0.03
1/14/2020,MN,Ulan Bator,co,74,0.1,0.6,0.2,0.22
3/14/2020,MN,Ulan Bator,co,90,0.1,0.5,0.1,0.11
3/16/2020,MN,Ulan Bator,co,72,0.1,0.2,0.1,0.02
4/27/2020,MN,Ulan Bator,co,23,0.1,0.2,0.1,0
5/18/2020,MN,Ulan Bator,co,21,0.1,0.1,0.1,0
6/4/2020,MN,Ulan Bator,co,32,0.1,0.2,0.1,0.03
5/13/2020,MN,Ulan Bator,co,19,0.1,0.1,0.1,0
6/8/2020,MN,Ulan Bator,co,13,0.1,0.1,0.1,0
1/26/2020,MN,Ulan Bator,co,87,0.1,0.6,0.3,0.23
2/8/2020,MN,Ulan Bator,co,86,0.1,0.5,0.2,0.16
2/16/2020,MN,Ulan Bator,co,78,0.1,0.6,0.3,0.19
3/4/2020,MN,Ulan Bator,co,58,0.1,0.5,0.1,0.18
4/4/2020,MN,Ulan Bator,co,38,0.1,0.2,0.1,0.02
5/11/2020,MN,Ulan Bator,co,21,0.1,0.1,0.1,0
7/4/2020,MN,Ulan Bator,co,23,0.1,0.2,0.2,0.02
3/17/2020,MN,Ulan Bator,co,74,0.1,0.3,0.2,0.04
4/22/2020,MN,Ulan Bator,co,38,0.1,0.2,0.1,0.02
5/22/2020,MN,Ulan Bator,co,21,0.1,0.1,0.1,0
7/10/2020,MN,Ulan Bator,co,36,0.1,0.2,0.2,0.03
4/10/2020,MN,Ulan Bator,co,33,0.1,0.2,0.1,0.02
4/20/2020,MN,Ulan Bator,co,23,0.1,0.1,0.1,0
1/4/2020,MN,Ulan Bator,co,86,0.1,0.6,0.3,0.19
2/3/2020,MN,Ulan Bator,co,85,0.1,0.4,0.2,0.08
2/14/2020,MN,Ulan Bator,co,68,0.1,0.2,0.2,0.02
2/18/2020,MN,Ulan Bator,co,80,0.1,0.6,0.2,0.25
2/27/2020,MN,Ulan Bator,co,75,0.1,0.2,0.1,0.02
4/7/2020,MN,Ulan Bator,co,17,0.1,0.1,0.1,0
5/25/2020,MN,Ulan Bator,co,18,0.1,0.2,0.1,0.02
6/29/2020,MN,Ulan Bator,co,48,0.1,0.2,0.2,0.02
6/5/2020,MN,Ulan Bator,co,13,0.1,0.1,0.1,0
6/6/2020,MN,Ulan Bator,co,9,0.1,0.1,0.1,0
2/10/2020,MN,Ulan Bator,co,86,0.1,0.4,0.3,0.11
2/26/2020,MN,Ulan Bator,co,38,0.1,0.1,0.1,0
2/29/2020,MN,Ulan Bator,co,75,0.1,0.2,0.1,0.03
4/16/2020,MN,Ulan Bator,co,41,0.1,0.3,0.1,0.06
5/24/2020,MN,Ulan Bator,co,20,0.1,0.1,0.1,0
5/27/2020,MN,Ulan Bator,co,23,0.1,0.2,0.1,0.03
6/14/2020,MN,Ulan Bator,co,61,0.1,0.4,0.2,0.08
6/20/2020,MN,Ulan Bator,co,28,0.1,0.2,0.1,0.03
1/9/2020,MN,Ulan Bator,co,90,0.1,0.6,0.2,0.19
4/8/2020,MN,Ulan Bator,co,24,0.1,0.2,0.1,0
4/19/2020,MN,Ulan Bator,co,9,0.1,0.1,0.1,0
6/18/2020,MN,Ulan Bator,co,36,0.1,0.2,0.2,0.03
7/17/2020,MN,Ulan Bator,co,32,0.1,0.2,0.1,0.03
1/20/2020,MN,Ulan Bator,co,90,0.1,0.5,0.3,0.13
2/1/2020,MN,Ulan Bator,co,83,0.1,0.4,0.2,0.06
2/22/2020,MN,Ulan Bator,co,88,0.1,0.3,0.2,0.06
3/15/2020,MN,Ulan Bator,co,66,0.1,0.3,0.2,0.03
4/25/2020,MN,Ulan Bator,co,36,0.1,0.3,0.1,0.06
7/12/2020,MN,Ulan Bator,co,41,0.1,0.2,0.1,0.03
1/24/2020,MN,Ulan Bator,co,87,0.1,0.5,0.3,0.19
1/28/2020,MN,Ulan Bator,co,73,0.1,0.6,0.3,0.3
5/30/2020,MN,Ulan Bator,co,12,0.1,0.1,0.1,0
6/9/2020,MN,Ulan Bator,co,16,0.1,0.2,0.1,0.01
7/9/2020,MN,Ulan Bator,co,41,0.1,0.2,0.1,0.02
3/1/2020,MN,Ulan Bator,co,92,0.1,0.3,0.2,0.04
3/20/2020,MN,Ulan Bator,co,73,0.1,0.2,0.1,0.02
3/25/2020,MN,Ulan Bator,co,18,0.1,0.1,0.1,0
6/15/2020,MN,Ulan Bator,co,51,0.1,0.3,0.2,0.04
7/1/2020,MN,Ulan Bator,co,40,0.1,0.2,0.2,0.03
1/10/2020,MN,Ulan Bator,co,80,0.1,0.5,0.3,0.14
3/8/2020,MN,Ulan Bator,co,55,0.1,0.2,0.1,0.02
3/10/2020,MN,Ulan Bator,co,92,0.1,0.3,0.2,0.05
4/21/2020,MN,Ulan Bator,co,23,0.1,0.2,0.1,0.01
4/26/2020,MN,Ulan Bator,co,45,0.1,0.3,0.2,0.04
6/13/2020,MN,Ulan Bator,co,67,0.1,0.3,0.2,0.04
2/28/2020,MN,Ulan Bator,no2,146,2.1,47.3,7.8,931.77
3/4/2020,MN,Ulan Bator,no2,157,3.2,41.4,7.8,948.84
3/21/2020,MN,Ulan Bator,no2,165,0.5,47.7,6.4,1064.14
4/4/2020,MN,Ulan Bator,no2,130,0.5,44.1,8,1052.38
4/19/2020,MN,Ulan Bator,no2,108,0.5,25.9,2.4,537.05
7/17/2020,MN,Ulan Bator,no2,180,0.5,23.1,3.7,192.26
2/11/2020,MN,Ulan Bator,no2,163,5.5,54.8,15.8,1424.19
2/8/2020,MN,Ulan Bator,no2,162,5.5,50.8,15.4,1078.33
3/22/2020,MN,Ulan Bator,no2,146,2.1,51.2,10,1029.51
4/28/2020,MN,Ulan Bator,no2,125,1,43.1,6.4,1478.15
1/29/2020,MN,Ulan Bator,no2,163,2.3,42.4,8.5,905.03
2/9/2020,MN,Ulan Bator,no2,160,4.8,46.9,14.4,1084.8
2/19/2020,MN,Ulan Bator,no2,127,4.2,45.1,11,1422.85
5/23/2020,MN,Ulan Bator,no2,106,1.9,58.9,5.8,1979.28
6/2/2020,MN,Ulan Bator,no2,131,0.5,47.6,3.2,1187.18
6/7/2020,MN,Ulan Bator,no2,129,1,50.5,2.9,1289.6
6/13/2020,MN,Ulan Bator,no2,184,0.5,30.8,4.5,285.65
2/7/2020,MN,Ulan Bator,no2,157,5.1,48.9,14.9,1088.33
1/23/2020,MN,Ulan Bator,no2,134,3.7,41.8,17.3,1003.64
2/26/2020,MN,Ulan Bator,no2,130,1.4,23.2,4.2,304.7
4/16/2020,MN,Ulan Bator,no2,129,0.7,53.2,7.2,1648.31
5/8/2020,MN,Ulan Bator,no2,110,0.5,38.7,6.7,1307.03
5/25/2020,MN,Ulan Bator,no2,103,1.9,59.1,5.3,1797.98
7/16/2020,MN,Ulan Bator,no2,164,0.5,24.4,4.2,222.45
1/9/2020,MN,Ulan Bator,no2,128,3.7,39.8,14.7,861.05
4/25/2020,MN,Ulan Bator,no2,111,2.3,55.4,9.3,1406.05
5/18/2020,MN,Ulan Bator,no2,109,1.4,53,6.6,1352.1
5/19/2020,MN,Ulan Bator,no2,111,1.9,58.5,6.2,1849.24
6/4/2020,MN,Ulan Bator,no2,157,1.4,63.9,6.7,1657.5
1/8/2020,MN,Ulan Bator,no2,135,5.1,39.7,13.8,748.72
3/15/2020,MN,Ulan Bator,no2,162,1.2,45.4,6.2,858.09
4/20/2020,MN,Ulan Bator,no2,130,1,29.8,3.4,520.32
4/23/2020,MN,Ulan Bator,no2,135,1.4,52.9,9.4,1273.41
5/5/2020,MN,Ulan Bator,no2,103,1,56.4,6,2123.74
5/20/2020,MN,Ulan Bator,no2,103,1,57.5,6.2,2152.12
6/3/2020,MN,Ulan Bator,no2,146,1,50.9,7.8,1431.7
6/20/2020,MN,Ulan Bator,no2,162,1.4,37.9,5,474.67
3/2/2020,MN,Ulan Bator,no2,147,1.4,34.2,3.5,507.71
1/27/2020,MN,Ulan Bator,no2,128,4.6,43.7,16.3,923.58
2/5/2020,MN,Ulan Bator,no2,154,2.3,45.9,9.3,903.84
2/18/2020,MN,Ulan Bator,no2,153,5.1,56.1,16,1401.77
2/24/2020,MN,Ulan Bator,no2,142,3,43.9,6.6,794.3
3/19/2020,MN,Ulan Bator,no2,157,1.4,44.4,6.8,1131.18
5/26/2020,MN,Ulan Bator,no2,102,1.9,56.4,7.5,1592.05
1/19/2020,MN,Ulan Bator,no2,134,3.2,41,16.3,1159.21
1/17/2020,MN,Ulan Bator,no2,136,4.4,46.7,15.8,1117.42
2/2/2020,MN,Ulan Bator,no2,154,2.3,39.9,11.5,891.21
2/20/2020,MN,Ulan Bator,no2,134,2.3,46.7,5.5,1395.59
1/7/2020,MN,Ulan Bator,no2,134,5.1,39.9,13.9,842.06
2/12/2020,MN,Ulan Bator,no2,155,2.3,44.4,9.4,1336.97
4/26/2020,MN,Ulan Bator,no2,111,2.3,52,10.4,1310.55
4/29/2020,MN,Ulan Bator,no2,126,0.5,54.4,6.6,1333.5
7/8/2020,MN,Ulan Bator,no2,192,1.4,63.4,7.4,1131.56
1/10/2020,MN,Ulan Bator,no2,126,3,43.1,11.2,1192.87
3/12/2020,MN,Ulan Bator,no2,161,1.4,41.3,8.7,855.82
4/15/2020,MN,Ulan Bator,no2,115,0.5,37.2,3.7,903.02
5/2/2020,MN,Ulan Bator,no2,105,1.4,75.7,4.3,2787.35
5/12/2020,MN,Ulan Bator,no2,109,1.6,55.7,7.4,2090.23
6/5/2020,MN,Ulan Bator,no2,151,1.4,49.2,5.1,1491.09
6/9/2020,MN,Ulan Bator,no2,121,1,51.2,4.6,1615.97
6/19/2020,MN,Ulan Bator,no2,176,1.4,34.8,7.1,544.89
1/2/2020,MN,Ulan Bator,no2,116,5.1,55.3,15,1344.94
7/3/2020,MN,Ulan Bator,no2,198,1,48.6,6.9,817.87
7/10/2020,MN,Ulan Bator,no2,167,1.6,32.5,6.4,630.2
6/28/2020,MN,Ulan Bator,no2,198,2.1,39.5,6.3,617.85
1/16/2020,MN,Ulan Bator,no2,132,5.1,43.5,16.5,788
1/18/2020,MN,Ulan Bator,no2,137,3.9,46.2,17.9,1281.39
4/2/2020,MN,Ulan Bator,no2,136,0.5,45.7,9,1047.72
4/6/2020,MN,Ulan Bator,no2,118,1.4,30.3,3.7,535.64
5/4/2020,MN,Ulan Bator,no2,109,0.7,59.4,7.6,2313.67
5/16/2020,MN,Ulan Bator,no2,95,0.5,31.1,3.2,855.7
5/28/2020,MN,Ulan Bator,no2,99,1,40.8,3.2,1462.16
1/3/2020,MN,Ulan Bator,no2,115,5.1,41.6,16.3,987.04
7/6/2020,MN,Ulan Bator,no2,206,1.6,43.1,8.3,701.81
7/14/2020,MN,Ulan Bator,no2,151,1.6,24.2,4.4,281.87
6/14/2020,MN,Ulan Bator,no2,202,1,31,6.4,314.69
3/23/2020,MN,Ulan Bator,no2,146,2.3,49.7,9.9,1178.13
5/14/2020,MN,Ulan Bator,no2,107,0.5,61.1,6.2,1925.35
7/12/2020,MN,Ulan Bator,no2,165,0.5,23,4.2,207.53
7/13/2020,MN,Ulan Bator,no2,162,1.2,23.7,4.9,262.31
1/15/2020,MN,Ulan Bator,no2,133,5.5,47.5,17,984.29
3/1/2020,MN,Ulan Bator,no2,159,2.3,40,9.5,937.23
3/27/2020,MN,Ulan Bator,no2,57,0.5,18.3,2.8,193.51
3/31/2020,MN,Ulan Bator,no2,127,0.5,42.8,6.6,1132.89
4/10/2020,MN,Ulan Bator,no2,132,1,52.2,7.8,1277.66
4/11/2020,MN,Ulan Bator,no2,124,1,48.1,4.2,1418.64
5/7/2020,MN,Ulan Bator,no2,98,0.5,48.9,3.6,1433.2
1/6/2020,MN,Ulan Bator,no2,137,4.6,43.5,16,1001.23
4/8/2020,MN,Ulan Bator,no2,132,1,42.8,5.8,1282.71
4/3/2020,MN,Ulan Bator,no2,132,1.4,51.4,10.3,1068.19
5/13/2020,MN,Ulan Bator,no2,102,0.7,55.6,6.4,1699.94
6/6/2020,MN,Ulan Bator,no2,147,1,38.6,4.2,967.69
6/24/2020,MN,Ulan Bator,no2,195,1,43.6,7.5,897.82
6/30/2020,MN,Ulan Bator,no2,177,1.4,40.7,7.4,636.63
5/3/2020,MN,Ulan Bator,no2,102,0.5,68.2,6.4,2581.79
1/24/2020,MN,Ulan Bator,no2,132,4.2,45.5,16.2,1071.21
2/3/2020,MN,Ulan Bator,no2,158,3,44.3,12.4,815.4
4/27/2020,MN,Ulan Bator,no2,120,0.5,60.2,8.3,2038.36
6/23/2020,MN,Ulan Bator,no2,201,2.1,39.5,6.4,691.33
6/27/2020,MN,Ulan Bator,no2,192,1,37.2,6.9,562
7/2/2020,MN,Ulan Bator,no2,197,1,34.1,5.5,555.41
7/9/2020,MN,Ulan Bator,no2,163,1.9,35.5,6.4,620.62
12/31/2019,MN,Ulan Bator,no2,109,4.6,33.7,12,644.16
5/24/2020,MN,Ulan Bator,no2,106,2.1,53.9,6.4,1479.75
6/18/2020,MN,Ulan Bator,no2,180,1.4,41.1,6.1,673.82
5/6/2020,MN,Ulan Bator,no2,106,1.6,51.8,4.6,1303.12
2/23/2020,MN,Ulan Bator,no2,138,3.9,48.7,14.4,1284.92
3/13/2020,MN,Ulan Bator,no2,159,1.6,47.3,9.6,1004.46
3/28/2020,MN,Ulan Bator,no2,59,1.2,19.7,4.6,180.93
5/29/2020,MN,Ulan Bator,no2,101,0.7,39.4,4.5,1573.97
6/12/2020,MN,Ulan Bator,no2,140,0.5,36.6,3.7,686.83
6/29/2020,MN,Ulan Bator,no2,200,1.4,40.7,6.7,596.14
7/4/2020,MN,Ulan Bator,no2,200,0.5,37.8,7.7,596.68
1/1/2020,MN,Ulan Bator,no2,108,5.1,41.6,12.6,955.35
7/21/2020,MN,Ulan Bator,no2,22,1.4,19.9,6.9,212.67
7/7/2020,MN,Ulan Bator,no2,198,1,34.1,7.4,492.87
1/22/2020,MN,Ulan Bator,no2,132,1.4,52.7,16,1284.84
3/14/2020,MN,Ulan Bator,no2,158,1,46.2,8.7,1087.3
5/21/2020,MN,Ulan Bator,no2,100,1.2,53.3,4.4,2443.44
6/15/2020,MN,Ulan Bator,no2,203,1,32.6,6.4,416.57
6/22/2020,MN,Ulan Bator,no2,185,1.2,40.2,5.8,795.15
7/18/2020,MN,Ulan Bator,no2,183,0.5,24.2,6,162.33
1/5/2020,MN,Ulan Bator,no2,123,3.2,40,9.4,1103.79
4/22/2020,MN,Ulan Bator,no2,136,1,46.3,5.1,844.69
3/5/2020,MN,Ulan Bator,no2,163,1.9,48.7,6.6,1068.69
2/1/2020,MN,Ulan Bator,no2,154,3.2,36.9,10.8,578.07
3/7/2020,MN,Ulan Bator,no2,155,4.4,48.9,10,983.98
3/30/2020,MN,Ulan Bator,no2,120,1.4,39.4,4.7,751.38
4/7/2020,MN,Ulan Bator,no2,116,0.7,36.8,3.5,838.87
4/21/2020,MN,Ulan Bator,no2,137,1,46.5,3.7,855.93
1/4/2020,MN,Ulan Bator,no2,107,5.5,34.9,12.5,713.39
1/21/2020,MN,Ulan Bator,no2,138,4.2,51.4,17.7,1235.37
4/5/2020,MN,Ulan Bator,no2,131,2.3,34.3,6,645.79
5/15/2020,MN,Ulan Bator,no2,103,0.5,61.1,4.3,1898.83
1/12/2020,MN,Ulan Bator,no2,135,5.1,42.9,15.1,913.52
2/15/2020,MN,Ulan Bator,no2,156,4.6,51.7,14,1126.64
3/16/2020,MN,Ulan Bator,no2,155,1,51.2,6.2,1296.13
5/22/2020,MN,Ulan Bator,no2,104,1.4,54.3,3.9,1984.66
6/17/2020,MN,Ulan Bator,no2,174,1,38.4,5.2,452.77
7/15/2020,MN,Ulan Bator,no2,156,0.5,26.7,4.8,264.41
1/30/2020,MN,Ulan Bator,no2,145,2.6,42.5,12.4,613.98
1/13/2020,MN,Ulan Bator,no2,133,5.5,42.2,15.7,693.63
1/14/2020,MN,Ulan Bator,no2,138,5.1,51.3,16,1122.89
2/4/2020,MN,Ulan Bator,no2,161,4.6,42.7,13.3,853.2
3/6/2020,MN,Ulan Bator,no2,162,1.6,46.8,11.6,1065.31
4/17/2020,MN,Ulan Bator,no2,132,1.4,49.3,6.2,1461.75
4/24/2020,MN,Ulan Bator,no2,115,1.4,47.3,7.6,1245.09
5/30/2020,MN,Ulan Bator,no2,117,0.5,44.6,3.5,1353.96
1/11/2020,MN,Ulan Bator,no2,131,4.6,41,13.8,761.71
2/17/2020,MN,Ulan Bator,no2,158,6,60.4,16.5,1543.63
3/11/2020,MN,Ulan Bator,no2,152,1.9,44.1,8.5,854.67
3/29/2020,MN,Ulan Bator,no2,97,0.5,44.4,6.9,1040.96
5/9/2020,MN,Ulan Bator,no2,95,0.5,35.8,3.2,918.83
6/16/2020,MN,Ulan Bator,no2,191,1,32.6,7,538.97
7/20/2020,MN,Ulan Bator,no2,195,0.5,30.7,7.4,322.79
1/28/2020,MN,Ulan Bator,no2,146,4.4,48.6,13.9,975.52
4/12/2020,MN,Ulan Bator,no2,121,1.4,35.6,3.9,958.88
5/1/2020,MN,Ulan Bator,no2,108,1.2,44.8,6.2,1446.03
5/31/2020,MN,Ulan Bator,no2,130,1.4,59.3,6.1,1871.52
6/8/2020,MN,Ulan Bator,no2,131,0.5,47.1,3,1396.07
7/5/2020,MN,Ulan Bator,no2,197,1,41.5,7.5,552.18
3/26/2020,MN,Ulan Bator,no2,46,0.5,8.7,1.9,35.05
3/8/2020,MN,Ulan Bator,no2,151,1.9,42.8,4.6,977.98
3/9/2020,MN,Ulan Bator,no2,163,1.6,46.9,10.1,1158.45
3/17/2020,MN,Ulan Bator,no2,161,1.6,47.8,8.5,1213.17
5/27/2020,MN,Ulan Bator,no2,105,0.5,61.8,6.3,1850.42
6/26/2020,MN,Ulan Bator,no2,195,1,47.3,7.2,830.55
1/20/2020,MN,Ulan Bator,no2,127,4.2,46.8,14.9,1009.79
2/13/2020,MN,Ulan Bator,no2,144,1.4,39,5.8,792.64
3/10/2020,MN,Ulan Bator,no2,163,3.2,58.1,10.8,1357.68
3/20/2020,MN,Ulan Bator,no2,162,1.4,43.3,7.1,1059
3/25/2020,MN,Ulan Bator,no2,64,1,27,2.1,291.86
4/14/2020,MN,Ulan Bator,no2,121,1.2,34.3,3.5,649.58
4/18/2020,MN,Ulan Bator,no2,123,1.4,31.5,3.2,741.36
4/30/2020,MN,Ulan Bator,no2,108,1.4,48.4,7.6,1769.9
12/30/2019,MN,Ulan Bator,no2,102,3.7,33,11.2,591.3
6/25/2020,MN,Ulan Bator,no2,204,1,43.7,6.7,878.55
6/11/2020,MN,Ulan Bator,no2,116,1,46.4,4.4,1433.22
2/14/2020,MN,Ulan Bator,no2,155,2.3,46,11.7,1068.44
3/24/2020,MN,Ulan Bator,no2,153,1.4,36.5,6.7,803.98
4/1/2020,MN,Ulan Bator,no2,139,1.4,46.4,9.1,1002.29
5/10/2020,MN,Ulan Bator,no2,102,0.5,50.2,4,1539.23
5/11/2020,MN,Ulan Bator,no2,97,1,58.4,6.9,1379.47
6/10/2020,MN,Ulan Bator,no2,130,0.7,47.3,4.8,1100.04
7/1/2020,MN,Ulan Bator,no2,181,2.1,33,6.4,442.12
1/31/2020,MN,Ulan Bator,no2,164,2.1,42.5,9.8,925.52
2/22/2020,MN,Ulan Bator,no2,132,4.6,53.5,12.6,1391.84
2/29/2020,MN,Ulan Bator,no2,158,1.6,42.1,9.6,986.08
4/9/2020,MN,Ulan Bator,no2,130,1.2,42.5,5.9,911.79
4/13/2020,MN,Ulan Bator,no2,125,1.9,47.3,6.1,1216.21
5/17/2020,MN,Ulan Bator,no2,95,0.7,40.5,3,857.63
6/21/2020,MN,Ulan Bator,no2,185,1,41.8,5.1,665.7
1/26/2020,MN,Ulan Bator,no2,118,6,45.7,15.4,879.47
2/21/2020,MN,Ulan Bator,no2,134,2.3,46,10.3,1359.05
2/25/2020,MN,Ulan Bator,no2,129,1.9,34,4.4,436.72
3/3/2020,MN,Ulan Bator,no2,47,1.9,47.6,12.8,1160.87
3/18/2020,MN,Ulan Bator,no2,140,0.7,41.9,3.5,1266.98
6/1/2020,MN,Ulan Bator,no2,111,0.5,52.1,5.8,1609.57
7/19/2020,MN,Ulan Bator,no2,186,0.5,19.5,4.5,168.36
2/10/2020,MN,Ulan Bator,no2,155,5.1,49.9,14.7,1150.13
2/6/2020,MN,Ulan Bator,no2,155,4.6,44.4,14.7,1012.28
2/16/2020,MN,Ulan Bator,no2,158,5.1,52.1,15.1,1225.78
2/27/2020,MN,Ulan Bator,no2,137,1.9,42.5,7.8,1011.12
7/11/2020,MN,Ulan Bator,no2,162,0.5,29.9,4.2,436.71
1/25/2020,MN,Ulan Bator,no2,122,3.7,44.3,15.3,844.64
4/3/2020,MN,Ulan Bator,temperature,264,-9,15,1,823.54
7/7/2020,MN,Ulan Bator,temperature,264,11,29.5,23,358.86
7/18/2020,MN,Ulan Bator,temperature,264,4,20,12.5,334.07
1/8/2020,MN,Ulan Bator,temperature,240,-30,-14,-25,283.19
2/2/2020,MN,Ulan Bator,temperature,240,-35,-18,-28,299.3
4/15/2020,MN,Ulan Bator,temperature,264,-5.5,2,0,71.1
7/16/2020,MN,Ulan Bator,temperature,264,11,16,13.5,28.75
1/23/2020,MN,Ulan Bator,temperature,223,-30.5,-13.5,-25.5,266.97
3/12/2020,MN,Ulan Bator,temperature,264,-26,-7,-16,354.15
4/14/2020,MN,Ulan Bator,temperature,264,-3.5,6,2,69.78
4/21/2020,MN,Ulan Bator,temperature,264,-15.5,1,-5,317.13
6/29/2020,MN,Ulan Bator,temperature,264,13,25,18,174.89
7/13/2020,MN,Ulan Bator,temperature,264,13,25.5,18,198.86
2/3/2020,MN,Ulan Bator,temperature,240,-32.5,-14.5,-30,413.87
3/27/2020,MN,Ulan Bator,temperature,264,-16.5,1,-7,360.6
5/5/2020,MN,Ulan Bator,temperature,264,3,27,17.5,578.02
6/8/2020,MN,Ulan Bator,temperature,264,4,14,9.5,79.78
1/7/2020,MN,Ulan Bator,temperature,240,-28,-15,-26.5,170.71
1/25/2020,MN,Ulan Bator,temperature,240,-28,-10,-22.5,367.57
3/31/2020,MN,Ulan Bator,temperature,264,-14.5,2,-6,351.73
4/30/2020,MN,Ulan Bator,temperature,264,2,28.5,18,860.83
5/13/2020,MN,Ulan Bator,temperature,264,1,21,13,541.11
5/15/2020,MN,Ulan Bator,temperature,264,-1,15,4,291.87
5/24/2020,MN,Ulan Bator,temperature,264,-1,20,11.5,523.16
5/25/2020,MN,Ulan Bator,temperature,264,2,18.5,11.5,316.4
2/25/2020,MN,Ulan Bator,temperature,39,-11,-11,-11,0
3/25/2020,MN,Ulan Bator,temperature,234,-14.5,-5,-10.5,51.38
6/16/2020,MN,Ulan Bator,temperature,252,11.5,29.5,21.5,349.85
4/7/2020,MN,Ulan Bator,temperature,264,-0.5,10,4,96.79
5/10/2020,MN,Ulan Bator,temperature,264,-4,11,2.5,267.82
5/11/2020,MN,Ulan Bator,temperature,264,2,18.5,13.5,308.6
5/14/2020,MN,Ulan Bator,temperature,264,3,23,16,494.68
6/25/2020,MN,Ulan Bator,temperature,264,7.5,21,15,158.99
7/3/2020,MN,Ulan Bator,temperature,264,10,23,17,192.29
1/16/2020,MN,Ulan Bator,temperature,216,-29.5,-14,-27,264.75
3/18/2020,MN,Ulan Bator,temperature,264,-6.5,0,-3.5,49.45
4/4/2020,MN,Ulan Bator,temperature,264,-9.5,17,0,900.38
4/27/2020,MN,Ulan Bator,temperature,264,1.5,27,13,784.53
5/8/2020,MN,Ulan Bator,temperature,264,-4.5,15.5,7,436.71
5/26/2020,MN,Ulan Bator,temperature,264,1,21,15,529.02
7/5/2020,MN,Ulan Bator,temperature,264,10,24.5,17.5,216.03
3/20/2020,MN,Ulan Bator,temperature,264,-10,1.5,-4.5,122.53
3/22/2020,MN,Ulan Bator,temperature,264,-10,11,-2,474.23
3/9/2020,MN,Ulan Bator,temperature,264,-28,-8.5,-20,427.8
4/13/2020,MN,Ulan Bator,temperature,264,-4.5,14,6,312.22
4/18/2020,MN,Ulan Bator,temperature,264,0,11,7.5,124.36
5/20/2020,MN,Ulan Bator,temperature,264,5,16,9,111.67
6/18/2020,MN,Ulan Bator,temperature,262,8.5,29.5,20,462.82
1/27/2020,MN,Ulan Bator,temperature,240,-28,-7.5,-23,405.84
2/29/2020,MN,Ulan Bator,temperature,264,-18.5,-6,-14.5,188.84
2/9/2020,MN,Ulan Bator,temperature,140,-23,-8,-21,249.18
3/7/2020,MN,Ulan Bator,temperature,264,-17,-2,-8,218.91
3/21/2020,MN,Ulan Bator,temperature,264,-11,5.5,-4.5,332.71
4/5/2020,MN,Ulan Bator,temperature,264,-9,16,5.5,705.8
4/10/2020,MN,Ulan Bator,temperature,264,-8,14,2.5,653.45
4/28/2020,MN,Ulan Bator,temperature,264,0.5,23,15,611.69
1/13/2020,MN,Ulan Bator,temperature,216,-33,-17.5,-29,237.75
1/21/2020,MN,Ulan Bator,temperature,216,-31,-15,-26,224.65
5/22/2020,MN,Ulan Bator,temperature,264,3,12,8,76.81
4/1/2020,MN,Ulan Bator,temperature,264,-12,9,-4,550.56
5/6/2020,MN,Ulan Bator,temperature,264,4,17,13.5,114.95
5/30/2020,MN,Ulan Bator,temperature,264,2,11,6.5,106.34
7/10/2020,MN,Ulan Bator,temperature,240,13,15,14,5.02
1/28/2020,MN,Ulan Bator,temperature,240,-26.5,-5.5,-18,529.7
3/17/2020,MN,Ulan Bator,temperature,264,-9,9,0.5,376
7/19/2020,MN,Ulan Bator,temperature,264,6,18.5,13,159.91
5/2/2020,MN,Ulan Bator,temperature,264,1.5,15,8,121.9
7/1/2020,MN,Ulan Bator,temperature,264,11,21,17,75.46
3/15/2020,MN,Ulan Bator,temperature,264,-14,5,-3.5,432.85
3/23/2020,MN,Ulan Bator,temperature,264,-8.5,15.5,2,697
5/18/2020,MN,Ulan Bator,temperature,264,-1,20.5,13,594.19
5/23/2020,MN,Ulan Bator,temperature,264,-0.5,17,11,340.44
6/3/2020,MN,Ulan Bator,temperature,264,-1,17,11,461.59
7/4/2020,MN,Ulan Bator,temperature,264,10,24,17.5,185.46
1/5/2020,MN,Ulan Bator,temperature,240,-22,-10,-15.5,103.7
1/29/2020,MN,Ulan Bator,temperature,240,-23,-7,-17,277.88
7/12/2020,MN,Ulan Bator,temperature,248,10,24,19,256.01
3/16/2020,MN,Ulan Bator,temperature,264,-5,6,-2,147.01
5/4/2020,MN,Ulan Bator,temperature,264,5,21.5,13,289.62
6/19/2020,MN,Ulan Bator,temperature,264,12,31.5,21,454.22
1/18/2020,MN,Ulan Bator,temperature,216,-29.5,-15,-23,218.7
3/2/2020,MN,Ulan Bator,temperature,264,-18,-9,-11.5,37.95
3/19/2020,MN,Ulan Bator,temperature,264,-10.5,4,-3,285.18
4/22/2020,MN,Ulan Bator,temperature,264,-15.5,5.5,-3.5,574.03
4/29/2020,MN,Ulan Bator,temperature,264,4,25,15,485.97
7/8/2020,MN,Ulan Bator,temperature,255,16.5,31,21.5,200.61
2/28/2020,MN,Ulan Bator,temperature,264,-27,-6,-20,479.73
3/6/2020,MN,Ulan Bator,temperature,264,-23,-2,-13.5,521.19
1/17/2020,MN,Ulan Bator,temperature,216,-28,-13.5,-24,239.29
1/24/2020,MN,Ulan Bator,temperature,240,-30,-13,-25.5,302.92
5/21/2020,MN,Ulan Bator,temperature,264,4,13.5,9,91.35
6/2/2020,MN,Ulan Bator,temperature,264,4.5,14.5,11.5,93.67
6/17/2020,MN,Ulan Bator,temperature,240,10,26,17.5,268.34
7/14/2020,MN,Ulan Bator,temperature,264,12.5,28,19.5,176.22
1/4/2020,MN,Ulan Bator,temperature,240,-27,-11.5,-22,241.56
5/1/2020,MN,Ulan Bator,temperature,264,11,24,18,131.12
3/13/2020,MN,Ulan Bator,temperature,264,-22.5,-3,-13,430.48
5/3/2020,MN,Ulan Bator,temperature,264,-6,20,9.5,902.72
6/13/2020,MN,Ulan Bator,temperature,264,6,20,13.5,204.04
7/11/2020,MN,Ulan Bator,temperature,240,13,21,15.5,99.68
2/5/2020,MN,Ulan Bator,temperature,240,-29,-11.5,-23,325.66
3/10/2020,MN,Ulan Bator,temperature,264,-27.5,-4,-16.5,659.12
5/31/2020,MN,Ulan Bator,temperature,264,-2,17.5,10,436.65
6/5/2020,MN,Ulan Bator,temperature,264,9,28,20.5,376.07
7/2/2020,MN,Ulan Bator,temperature,264,12,22.5,16.5,80.03
2/7/2020,MN,Ulan Bator,temperature,240,-28,-7,-21.5,467.97
4/11/2020,MN,Ulan Bator,temperature,264,-4.5,14,6,417.93
3/4/2020,MN,Ulan Bator,temperature,26,-16,-12,-12.5,33.8
3/24/2020,MN,Ulan Bator,temperature,264,-5,13,0.5,318.58
3/26/2020,MN,Ulan Bator,temperature,264,-16.5,-3,-9,206.68
6/1/2020,MN,Ulan Bator,temperature,264,3,20.5,13.5,359.26
6/15/2020,MN,Ulan Bator,temperature,264,6,31,21,709.77
1/6/2020,MN,Ulan Bator,temperature,240,-27,-14,-23.5,162.44
1/15/2020,MN,Ulan Bator,temperature,216,-30,-16,-26,211.6
6/7/2020,MN,Ulan Bator,temperature,264,11.5,21,16.5,90.55
6/12/2020,MN,Ulan Bator,temperature,264,7,14,11,44.12
6/23/2020,MN,Ulan Bator,temperature,264,11.5,22.5,15,115.91
3/1/2020,MN,Ulan Bator,temperature,264,-17,-9,-14,68.98
4/23/2020,MN,Ulan Bator,temperature,264,-13,15,1.5,1096.02
3/5/2020,MN,Ulan Bator,temperature,264,-21,-3,-14.5,379.08
3/11/2020,MN,Ulan Bator,temperature,264,-18,-6,-11.5,151.88
4/17/2020,MN,Ulan Bator,temperature,264,-9,16.5,11,916.28
4/20/2020,MN,Ulan Bator,temperature,264,-14.5,-2,-6,149.62
4/24/2020,MN,Ulan Bator,temperature,264,-3,18,10.5,616.6
5/12/2020,MN,Ulan Bator,temperature,264,0,20,10,472.31
1/22/2020,MN,Ulan Bator,temperature,216,-28,-11.5,-22,252.38
2/26/2020,MN,Ulan Bator,temperature,264,-11,-6,-9,18.18
6/30/2020,MN,Ulan Bator,temperature,264,10,26,17,262.97
5/16/2020,MN,Ulan Bator,temperature,264,-1,5,1,43.34
5/19/2020,MN,Ulan Bator,temperature,264,2,20,13.5,381.64
6/27/2020,MN,Ulan Bator,temperature,264,12,27,20,323.31
3/29/2020,MN,Ulan Bator,temperature,253,-12,9,-3,504.82
6/6/2020,MN,Ulan Bator,temperature,264,12.5,31.5,23,285.84
1/20/2020,MN,Ulan Bator,temperature,216,-31,-15.5,-25,253.66
4/12/2020,MN,Ulan Bator,temperature,264,2,17,10,255.48
5/7/2020,MN,Ulan Bator,temperature,264,1,11.5,5.5,147.12
5/27/2020,MN,Ulan Bator,temperature,264,3,26.5,17.5,639.7
7/17/2020,MN,Ulan Bator,temperature,264,8,16.5,12,80.77
2/4/2020,MN,Ulan Bator,temperature,240,-33.5,-12.5,-25.5,523.2
3/3/2020,MN,Ulan Bator,temperature,55,-26,-22,-25,34.22
3/14/2020,MN,Ulan Bator,temperature,264,-17,3,-5,528.3
6/4/2020,MN,Ulan Bator,temperature,264,2,22,16.5,494.35
6/9/2020,MN,Ulan Bator,temperature,264,0,19,12,411.91
6/10/2020,MN,Ulan Bator,temperature,264,0.5,22.5,15,592.85
6/20/2020,MN,Ulan Bator,temperature,264,14.5,26,20,142.62
6/24/2020,MN,Ulan Bator,temperature,264,10,16.5,12,30.53
2/8/2020,MN,Ulan Bator,temperature,240,-27,-6,-20,447.12
2/27/2020,MN,Ulan Bator,temperature,264,-23,-9.5,-14,165.83
7/9/2020,MN,Ulan Bator,temperature,240,14,25,16.5,105.58
1/31/2020,MN,Ulan Bator,temperature,240,-26.5,-13,-19.5,164.19
1/14/2020,MN,Ulan Bator,temperature,216,-32,-16,-27,249.91
1/26/2020,MN,Ulan Bator,temperature,240,-27.5,-9,-22.5,346.43
4/8/2020,MN,Ulan Bator,temperature,264,-6,11,3,268.45
4/9/2020,MN,Ulan Bator,temperature,264,-5,11,1,254.57
4/16/2020,MN,Ulan Bator,temperature,264,-6,12,1,404.76
5/17/2020,MN,Ulan Bator,temperature,264,-0.5,15,7.5,287.95
5/29/2020,MN,Ulan Bator,temperature,264,0,4,3,13.17
6/14/2020,MN,Ulan Bator,temperature,264,3,26.5,18.5,730.46
1/30/2020,MN,Ulan Bator,temperature,240,-24,-9,-18,202.02
3/28/2020,MN,Ulan Bator,temperature,264,-14,7,-3.5,568.8
6/21/2020,MN,Ulan Bator,temperature,264,14.5,19.5,15.5,19.87
3/30/2020,MN,Ulan Bator,temperature,264,-8,3,-1.5,76.22
4/25/2020,MN,Ulan Bator,temperature,264,-4.5,18,8.5,599.61
1/11/2020,MN,Ulan Bator,temperature,240,-30,-16,-27,171.34
5/28/2020,MN,Ulan Bator,temperature,264,4,17,10,175.31
6/22/2020,MN,Ulan Bator,temperature,264,12.5,21.5,16.5,109.37
7/6/2020,MN,Ulan Bator,temperature,264,11,24.5,17.5,211.53
1/3/2020,MN,Ulan Bator,temperature,100,-26,-12.5,-22.5,269.92
1/10/2020,MN,Ulan Bator,temperature,240,-29.5,-15,-22.5,136.5
4/19/2020,MN,Ulan Bator,temperature,264,-6,2,-1,33.09
4/26/2020,MN,Ulan Bator,temperature,264,1,22,11.5,625.69
6/26/2020,MN,Ulan Bator,temperature,264,8,24.5,17.5,344.91
7/15/2020,MN,Ulan Bator,temperature,264,14,26,22,144.19
3/8/2020,MN,Ulan Bator,temperature,264,-24,-7,-10,213.79
4/6/2020,MN,Ulan Bator,temperature,264,0,10,5,80.2
2/1/2020,MN,Ulan Bator,temperature,240,-30.5,-16,-27.5,217.14
4/2/2020,MN,Ulan Bator,temperature,264,-10,12.5,-2,644.94
5/9/2020,MN,Ulan Bator,temperature,264,0,6,2.5,44.74
1/9/2020,MN,Ulan Bator,temperature,240,-27,-16.5,-20,88.77
1/19/2020,MN,Ulan Bator,temperature,216,-26,-11,-23.5,248.93
6/11/2020,MN,Ulan Bator,temperature,264,3.5,19.5,15.5,199.51
6/28/2020,MN,Ulan Bator,temperature,264,14.5,25.5,19,99.33
7/20/2020,MN,Ulan Bator,temperature,264,3,24.5,14,512.97
7/21/2020,MN,Ulan Bator,temperature,37,7.5,12,12,26.05
1/12/2020,MN,Ulan Bator,temperature,240,-32,-18.5,-28.5,174.77
2/6/2020,MN,Ulan Bator,temperature,240,-26,-9.5,-22.5,327.09
3/21/2020,MN,Ulan Bator,wind gust,33,10.8,11.8,11.8,2.29
3/24/2020,MN,Ulan Bator,wind gust,39,10.8,20.5,16.9,140.13
3/28/2020,MN,Ulan Bator,wind gust,17,10.8,10.8,10.8,0
3/30/2020,MN,Ulan Bator,wind gust,33,10.8,11.8,10.8,2.29
3/31/2020,MN,Ulan Bator,wind gust,22,8.7,9.7,8.7,2.62
3/27/2020,MN,Ulan Bator,wind gust,34,10.8,13.8,10.8,23.18
2/26/2020,MN,Ulan Bator,wind gust,22,12.8,15.9,12.8,25.17
3/15/2020,MN,Ulan Bator,wind gust,11,8.7,8.7,8.7,0
3/16/2020,MN,Ulan Bator,wind gust,22,10.8,11.8,10.8,2.62
3/18/2020,MN,Ulan Bator,wind gust,11,10.8,10.8,10.8,0
3/25/2020,MN,Ulan Bator,wind gust,17,12.8,12.8,12.8,0
4/22/2020,MN,Ulan Bator,so2,196,0.6,42.1,4.4,479.3
5/22/2020,MN,Ulan Bator,so2,89,0.6,4.6,1.7,8.78
6/12/2020,MN,Ulan Bator,so2,55,0.6,3.1,1.3,5.89
6/15/2020,MN,Ulan Bator,so2,125,0.6,10.2,1.6,29.91
3/1/2020,MN,Ulan Bator,so2,209,1.8,50.4,11.8,874.95
3/15/2020,MN,Ulan Bator,so2,227,1.1,40.8,8.4,602.74
3/31/2020,MN,Ulan Bator,so2,221,0.6,35.5,6.3,564.18
4/3/2020,MN,Ulan Bator,so2,223,0.6,44.9,8.7,589.7
6/20/2020,MN,Ulan Bator,so2,118,0.6,12.2,1.8,39.88
7/18/2020,MN,Ulan Bator,so2,83,0.6,6.1,1.1,12.64
2/24/2020,MN,Ulan Bator,so2,214,1.6,58.5,11.4,756.26
4/26/2020,MN,Ulan Bator,so2,167,1.6,27.9,5.6,293.56
6/8/2020,MN,Ulan Bator,so2,50,0.6,6.1,1.1,7.69
3/19/2020,MN,Ulan Bator,so2,224,0.7,28.4,6.4,246.26
3/27/2020,MN,Ulan Bator,so2,90,0.6,34.5,6.6,738.93
5/26/2020,MN,Ulan Bator,so2,91,0.6,7.9,1.6,16.89
5/29/2020,MN,Ulan Bator,so2,38,0.6,1.6,1.1,1.34
1/26/2020,MN,Ulan Bator,so2,164,2.6,64.4,12.7,3377.66
2/5/2020,MN,Ulan Bator,so2,171,2.6,54.2,11.5,1280.71
2/27/2020,MN,Ulan Bator,so2,211,1.1,52.5,9,849.03
3/8/2020,MN,Ulan Bator,so2,183,0.6,37.8,5.3,394.77
6/6/2020,MN,Ulan Bator,so2,73,0.6,10.6,1.3,46.79
3/28/2020,MN,Ulan Bator,so2,93,0.6,40.6,7.6,932.96
4/6/2020,MN,Ulan Bator,so2,190,0.6,19.3,4.1,96.08
5/23/2020,MN,Ulan Bator,so2,112,0.6,10.4,1.8,29.27
7/1/2020,MN,Ulan Bator,so2,83,0.6,2.6,1.1,2.23
4/11/2020,MN,Ulan Bator,so2,154,0.6,24.6,3.3,178.91
4/16/2020,MN,Ulan Bator,so2,176,0.6,23.1,5.1,192.18
5/17/2020,MN,Ulan Bator,so2,113,0.6,3.6,1.8,6.37
5/24/2020,MN,Ulan Bator,so2,117,0.6,8.2,2.1,26.61
1/24/2020,MN,Ulan Bator,so2,167,4.4,59.9,20,2248.37
2/20/2020,MN,Ulan Bator,so2,162,1.6,30.7,8.3,253.8
2/22/2020,MN,Ulan Bator,so2,191,2.1,55.6,17,1598.07
3/29/2020,MN,Ulan Bator,so2,150,0.6,41.1,7.6,648.32
6/13/2020,MN,Ulan Bator,so2,73,0.6,3.1,1.6,5.35
4/10/2020,MN,Ulan Bator,so2,207,0.6,47,5.4,309.43
5/4/2020,MN,Ulan Bator,so2,141,0.6,23.1,3.1,116.74
5/8/2020,MN,Ulan Bator,so2,148,0.6,28.1,2.8,142.73
7/13/2020,MN,Ulan Bator,so2,82,0.6,5.5,1.1,7.02
1/5/2020,MN,Ulan Bator,so2,196,0.6,77.7,15.1,3295.82
2/1/2020,MN,Ulan Bator,so2,186,3.2,56.4,12.7,1111.16
3/16/2020,MN,Ulan Bator,so2,215,0.6,37.5,8.8,482.49
3/26/2020,MN,Ulan Bator,so2,84,0.6,20.8,4.4,212.84
5/27/2020,MN,Ulan Bator,so2,108,0.6,18.2,1.8,83.75
6/11/2020,MN,Ulan Bator,so2,53,0.6,8.7,1.1,17.79
7/16/2020,MN,Ulan Bator,so2,37,0.6,1.4,0.6,0.68
1/20/2020,MN,Ulan Bator,so2,161,4.1,57.2,14.7,1616.85
1/31/2020,MN,Ulan Bator,so2,186,2.6,51.1,8.9,1308.21
2/28/2020,MN,Ulan Bator,so2,209,0.9,50.4,10.2,843.79
3/10/2020,MN,Ulan Bator,so2,195,1.1,49.4,13.7,913.81
3/30/2020,MN,Ulan Bator,so2,199,0.6,27.7,4.4,199.99
4/19/2020,MN,Ulan Bator,so2,171,0.6,14.5,2.6,45.3
1/11/2020,MN,Ulan Bator,so2,209,0.8,76.1,12.7,3632.85
1/25/2020,MN,Ulan Bator,so2,165,4.6,65.9,14.7,2602.46
2/15/2020,MN,Ulan Bator,so2,174,2.8,56.8,13.7,1814.01
2/18/2020,MN,Ulan Bator,so2,165,5.6,58.6,18.8,1491.11
6/19/2020,MN,Ulan Bator,so2,149,0.6,29.3,2.1,142.34
6/29/2020,MN,Ulan Bator,so2,80,0.6,5.5,1.6,11.02
2/8/2020,MN,Ulan Bator,so2,167,5.1,53.2,15.6,1077.24
4/25/2020,MN,Ulan Bator,so2,166,0.6,29.4,5,266.63
5/21/2020,MN,Ulan Bator,so2,109,0.6,8.2,2.6,19.7
6/1/2020,MN,Ulan Bator,so2,84,0.6,11.2,1.4,42.3
3/3/2020,MN,Ulan Bator,so2,67,1.1,50.9,8.8,1142.34
7/15/2020,MN,Ulan Bator,so2,96,0.6,4.6,1.1,5.51
7/17/2020,MN,Ulan Bator,so2,41,0.6,6.6,0.6,14.84
1/18/2020,MN,Ulan Bator,so2,167,4.1,64.4,19.8,2813.78
1/30/2020,MN,Ulan Bator,so2,177,2.1,49.4,11.7,1463.73
2/9/2020,MN,Ulan Bator,so2,164,6.6,45.3,19,648.11
2/29/2020,MN,Ulan Bator,so2,209,1.6,59.3,11.4,1112.8
7/20/2020,MN,Ulan Bator,so2,116,0.6,19.6,4.2,125.86
1/16/2020,MN,Ulan Bator,so2,157,5.1,76,18.1,3716.75
6/4/2020,MN,Ulan Bator,so2,101,0.6,18.7,2.3,92.92
6/24/2020,MN,Ulan Bator,so2,63,0.6,2.2,1.1,1.99
7/5/2020,MN,Ulan Bator,so2,100,0.6,9.7,1.7,20.14
4/20/2020,MN,Ulan Bator,so2,189,0.6,17.8,3.3,129.73
5/28/2020,MN,Ulan Bator,so2,68,0.6,10.9,1.4,28.14
5/30/2020,MN,Ulan Bator,so2,45,0.6,2.6,1.1,3.33
6/3/2020,MN,Ulan Bator,so2,95,0.6,22.8,2.6,174.99
1/10/2020,MN,Ulan Bator,so2,213,1.6,74,15.8,3858.1
1/15/2020,MN,Ulan Bator,so2,183,4.9,77.3,24.5,4128.99
3/12/2020,MN,Ulan Bator,so2,208,0.6,48.2,10.2,682.46
4/8/2020,MN,Ulan Bator,so2,217,0.6,29.9,5.8,180.77
6/16/2020,MN,Ulan Bator,so2,142,0.6,20.3,1.9,80.79
6/26/2020,MN,Ulan Bator,so2,89,0.6,7.3,1.6,28.88
1/6/2020,MN,Ulan Bator,so2,215,3.1,75.6,16.3,3224.45
3/24/2020,MN,Ulan Bator,so2,234,0.6,28.7,7.6,327.85
7/14/2020,MN,Ulan Bator,so2,64,0.6,2.3,0.9,1.62
5/16/2020,MN,Ulan Bator,so2,91,0.6,5.4,1.1,9.49
5/31/2020,MN,Ulan Bator,so2,76,0.6,20.1,1.7,127.32
7/21/2020,MN,Ulan Bator,so2,15,0.6,4.6,1.3,15.07
1/17/2020,MN,Ulan Bator,so2,165,6.6,62.4,20.3,2976.86
3/4/2020,MN,Ulan Bator,so2,189,1.6,54.6,11.1,1752.22
5/9/2020,MN,Ulan Bator,so2,93,0.6,4.1,1.6,4.84
5/13/2020,MN,Ulan Bator,so2,141,0.6,19.7,2.4,82.87
6/7/2020,MN,Ulan Bator,so2,55,0.6,6.6,1.1,16.53
3/5/2020,MN,Ulan Bator,so2,194,1.1,58.6,9.2,1475.18
4/15/2020,MN,Ulan Bator,so2,170,0.6,10.2,3.6,50.32
4/23/2020,MN,Ulan Bator,so2,209,0.6,45.4,9.2,782.81
5/2/2020,MN,Ulan Bator,so2,146,0.6,13.2,3.8,77.22
3/9/2020,MN,Ulan Bator,so2,192,1.1,53.6,9,1045.39
6/22/2020,MN,Ulan Bator,so2,59,0.6,4.1,1.2,7.54
7/8/2020,MN,Ulan Bator,so2,94,0.6,73.7,1.6,6207.14
7/19/2020,MN,Ulan Bator,so2,53,0.6,6.4,1.1,13.58
5/7/2020,MN,Ulan Bator,so2,126,0.6,6.1,1.6,17.48
5/20/2020,MN,Ulan Bator,so2,127,0.6,11.7,2.6,39.23
6/21/2020,MN,Ulan Bator,so2,83,0.6,11.7,1.6,20.55
6/25/2020,MN,Ulan Bator,so2,69,0.6,6.6,1.1,13.91
2/6/2020,MN,Ulan Bator,so2,170,5.6,55.4,19.2,2025.36
2/12/2020,MN,Ulan Bator,so2,176,1.1,54,9.2,1902.39
4/14/2020,MN,Ulan Bator,so2,167,0.6,10.2,2.7,42
5/1/2020,MN,Ulan Bator,so2,178,0.6,23.5,5.6,229.21
6/30/2020,MN,Ulan Bator,so2,86,0.6,5.6,1.6,7.76
3/2/2020,MN,Ulan Bator,so2,182,0.6,12.2,4.1,72.6
3/21/2020,MN,Ulan Bator,so2,218,0.6,37,5.9,431.16
5/3/2020,MN,Ulan Bator,so2,153,0.6,30.8,2.6,210.96
5/6/2020,MN,Ulan Bator,so2,116,0.6,8.7,2.1,12.54
12/31/2019,MN,Ulan Bator,so2,170,1.1,78,14.4,4711.44
2/14/2020,MN,Ulan Bator,so2,159,0.6,33,7.4,346.42
2/21/2020,MN,Ulan Bator,so2,183,1.1,47.7,8.2,959.25
2/26/2020,MN,Ulan Bator,so2,196,0.6,31.7,7.3,378.66
5/12/2020,MN,Ulan Bator,so2,143,0.6,22.2,2.9,149.09
6/10/2020,MN,Ulan Bator,so2,66,0.6,27.7,1.6,175.46
6/14/2020,MN,Ulan Bator,so2,126,0.6,16.8,2.1,118.82
7/9/2020,MN,Ulan Bator,so2,78,0.6,2.9,1.1,2.17
3/22/2020,MN,Ulan Bator,so2,212,0.6,52.4,10.2,654.59
4/27/2020,MN,Ulan Bator,so2,185,0.6,24.1,6.1,173.91
6/28/2020,MN,Ulan Bator,so2,102,0.6,7.9,1.2,28.52
4/24/2020,MN,Ulan Bator,so2,173,0.6,50.4,5.1,647.36
5/10/2020,MN,Ulan Bator,so2,136,0.6,15.5,2.1,38.48
7/4/2020,MN,Ulan Bator,so2,112,0.6,50.6,1.6,2775.66
1/22/2020,MN,Ulan Bator,so2,152,4.6,72.7,19.3,2941.85
2/4/2020,MN,Ulan Bator,so2,192,4.2,61.1,17.1,1919.55
2/16/2020,MN,Ulan Bator,so2,186,7.1,58.8,18.8,2298.95
3/18/2020,MN,Ulan Bator,so2,168,0.6,14.2,4.1,89.78
7/12/2020,MN,Ulan Bator,so2,80,0.6,2.8,1.1,3.77
1/2/2020,MN,Ulan Bator,so2,189,2.1,78.6,28.7,4279.63
4/12/2020,MN,Ulan Bator,so2,168,0.6,31.2,3.8,299.99
5/11/2020,MN,Ulan Bator,so2,136,0.6,16.3,1.9,59.79
5/18/2020,MN,Ulan Bator,so2,155,0.6,11.2,2.6,44.55
4/5/2020,MN,Ulan Bator,so2,215,0.6,20.1,5.8,152.66
6/9/2020,MN,Ulan Bator,so2,75,0.6,18.3,1.6,158.96
1/19/2020,MN,Ulan Bator,so2,167,3.3,53.5,19.3,1265.02
1/27/2020,MN,Ulan Bator,so2,172,2.1,63.9,13.7,3304.13
3/7/2020,MN,Ulan Bator,so2,199,2.3,57.8,13.7,1331.46
3/14/2020,MN,Ulan Bator,so2,228,1.1,41.6,13.1,741.26
6/5/2020,MN,Ulan Bator,so2,88,0.6,22.1,2.1,160.76
1/28/2020,MN,Ulan Bator,so2,203,0.8,65.1,13.7,3077.84
2/3/2020,MN,Ulan Bator,so2,187,1.6,59,16.6,2081.24
3/20/2020,MN,Ulan Bator,so2,226,0.6,45.5,6.6,382.64
6/2/2020,MN,Ulan Bator,so2,64,0.6,4.4,1.6,6.69
5/19/2020,MN,Ulan Bator,so2,153,0.6,16.9,2.2,83.29
7/6/2020,MN,Ulan Bator,so2,124,0.6,17.5,1.6,51.74
1/14/2020,MN,Ulan Bator,so2,180,6.6,79,21.1,4687.86
2/11/2020,MN,Ulan Bator,so2,188,3.3,60.7,19.6,1931.98
3/17/2020,MN,Ulan Bator,so2,212,1.1,45.1,8.2,557.59
